timestamp,team_1_yes,team_1_no,team_2_yes,team_2_no
2025-12-05T18:49:39.789299+00:00,0.4600,0.5500,0.5500,0.4600
2025-12-05T18:49:58.963629+00:00,0.4600,0.5500,0.5500,0.4600
2025-12-05T18:50:13.745626+00:00,0.4600,0.5500,0.5500,0.4600
2025-12-05T18:50:28.258753+00:00,0.4600,0.5500,0.5500,0.4600
2025-12-05T18:50:43.140884+00:00,0.4600,0.5500,0.5500,0.4600
2025-12-05T18:50:57.764078+00:00,0.4600,0.5500,0.5500,0.4600
2025-12-05T18:51:22.218060+00:00,0.4600,0.5500,0.5500,0.4600
2025-12-05T18:51:36.518023+00:00,0.4600,0.5500,0.5500,0.4600
2025-12-05T18:51:51.019637+00:00,0.4600,0.5500,0.5500,0.4600
2025-12-05T18:52:10.615344+00:00,0.4600,0.5500,0.5500,0.4600
2025-12-05T18:52:29.743460+00:00,0.4600,0.5500,0.5500,0.4600
2025-12-05T18:52:54.155332+00:00,0.4600,0.5500,0.5500,0.4600
2025-12-05T18:53:08.629760+00:00,0.4600,0.5500,0.5500,0.4600
2025-12-05T18:53:27.669467+00:00,0.4600,0.5600,0.5500,0.4600
2025-12-05T18:53:51.667551+00:00,0.4500,0.5600,0.5500,0.4600
2025-12-05T18:54:11.345671+00:00,0.4500,0.5600,0.5500,0.4600
2025-12-05T18:54:35.701675+00:00,0.4500,0.5600,0.5500,0.4600
2025-12-05T18:54:55.368442+00:00,0.4600,0.5600,0.5500,0.4600
2025-12-05T18:55:09.768335+00:00,0.4600,0.5600,0.5500,0.4600
2025-12-05T18:55:28.916246+00:00,0.4600,0.5600,0.5500,0.4600
2025-12-05T18:55:43.274428+00:00,0.4600,0.5600,0.5500,0.4600
2025-12-05T18:56:07.650077+00:00,0.4600,0.5600,0.5500,0.4600
2025-12-05T18:56:22.220327+00:00,0.4600,0.5500,0.5500,0.4600
2025-12-05T18:56:36.921625+00:00,0.4600,0.5500,0.5500,0.4600
2025-12-05T18:56:56.510213+00:00,0.4600,0.5500,0.5500,0.4600
2025-12-05T18:57:21.043356+00:00,0.4600,0.5500,0.5500,0.4600
2025-12-05T18:57:41.363379+00:00,0.4600,0.5500,0.5500,0.4600
2025-12-05T18:57:56.553153+00:00,0.4600,0.5500,0.5500,0.4600
2025-12-05T18:58:21.969000+00:00,0.4600,0.5500,0.5500,0.4600
2025-12-05T18:58:47.352457+00:00,0.4600,0.5500,0.5500,0.4600
2025-12-05T18:59:03.071084+00:00,0.4600,0.5500,0.5500,0.4600
2025-12-05T18:59:29.462920+00:00,0.4600,0.5500,0.5500,0.4600
2025-12-05T18:59:45.240856+00:00,0.4600,0.5500,0.5500,0.4600
2025-12-05T19:00:00.945369+00:00,0.4600,0.5500,0.5500,0.4600
2025-12-05T19:00:26.487270+00:00,0.4600,0.5500,0.5500,0.4600
2025-12-05T19:05:31.654140+00:00,0.4600,0.5500,0.5500,0.4600
2025-12-05T19:14:52.759115+00:00,0.4600,0.5500,0.5500,0.4600
2025-12-05T19:24:13.849603+00:00,0.4600,0.5500,0.5500,0.4600
2025-12-05T19:33:34.932271+00:00,0.4600,0.5500,0.5500,0.4600
2025-12-05T19:35:38.570913+00:00,0.4600,0.5500,0.5500,0.4600
2025-12-05T19:35:57.948191+00:00,0.4600,0.5500,0.5600,0.4600
2025-12-05T19:36:56.701992+00:00,0.4600,0.5500,0.5600,0.4600
2025-12-05T19:43:24.119063+00:00,0.4600,0.5500,0.5600,0.4600
2025-12-05T19:50:10.664462+00:00,0.4600,0.5500,0.5600,0.4600
2025-12-05T19:50:53.777368+00:00,0.4600,0.5500,0.5600,0.4600
2025-12-05T19:51:08.243074+00:00,0.4600,0.5500,0.5600,0.4600
2025-12-05T19:51:23.407520+00:00,0.4600,0.5500,0.5600,0.4600
2025-12-05T19:51:38.082359+00:00,0.4600,0.5500,0.5500,0.4600
2025-12-05T19:51:52.740579+00:00,0.4600,0.5500,0.5500,0.4600
2025-12-05T19:52:07.092819+00:00,0.4600,0.5500,0.5500,0.4600
2025-12-05T19:52:21.420466+00:00,0.4600,0.5500,0.5500,0.4600
2025-12-05T19:52:46.312585+00:00,0.4600,0.5500,0.5500,0.4600
2025-12-05T19:53:05.997267+00:00,0.4600,0.5500,0.5500,0.4600
2025-12-05T19:53:30.367800+00:00,0.4600,0.5500,0.5500,0.4600
2025-12-05T19:53:44.934635+00:00,0.4600,0.5500,0.5500,0.4600
2025-12-05T19:53:59.449818+00:00,0.4600,0.5500,0.5500,0.4600
2025-12-05T19:54:13.863415+00:00,0.4600,0.5500,0.5500,0.4600
2025-12-05T19:54:28.159688+00:00,0.4600,0.5500,0.5500,0.4600
2025-12-05T19:54:42.717053+00:00,0.4600,0.5500,0.5500,0.4600
2025-12-05T19:54:57.116021+00:00,0.4600,0.5500,0.5500,0.4600
2025-12-05T19:55:21.234894+00:00,0.4600,0.5500,0.5500,0.4600
2025-12-05T19:55:35.698540+00:00,0.4600,0.5500,0.5500,0.4600
2025-12-05T19:55:55.252700+00:00,0.4600,0.5500,0.5500,0.4600
2025-12-05T19:56:14.200184+00:00,0.4600,0.5500,0.5500,0.4600
2025-12-05T19:56:38.195764+00:00,0.4600,0.5500,0.5500,0.4600
2025-12-05T19:56:57.062576+00:00,0.4600,0.5500,0.5500,0.4600
2025-12-05T19:57:11.618907+00:00,0.4600,0.5500,0.5500,0.4600
2025-12-05T19:57:26.132944+00:00,0.4600,0.5500,0.5500,0.4600
2025-12-05T19:57:46.017392+00:00,0.4600,0.5500,0.5500,0.4600
2025-12-05T19:58:05.057596+00:00,0.4600,0.5500,0.5500,0.4600
2025-12-05T19:58:28.920235+00:00,0.4600,0.5500,0.5500,0.4600
2025-12-05T19:58:48.426981+00:00,0.4600,0.5500,0.5500,0.4600
2025-12-05T19:59:02.982919+00:00,0.4600,0.5500,0.5500,0.4600
2025-12-05T19:59:27.340223+00:00,0.4600,0.5500,0.5500,0.4600
2025-12-05T19:59:42.018190+00:00,0.4600,0.5500,0.5500,0.4600
2025-12-05T19:59:56.589923+00:00,0.4600,0.5500,0.5500,0.4600
2025-12-05T20:00:12.109466+00:00,0.4600,0.5500,0.5500,0.4600
2025-12-05T20:00:27.194005+00:00,0.4600,0.5500,0.5500,0.4600
2025-12-05T20:00:41.818088+00:00,0.4600,0.5500,0.5500,0.4600
2025-12-05T20:00:56.272684+00:00,0.4600,0.5500,0.5500,0.4600
2025-12-05T20:01:15.320275+00:00,0.4600,0.5500,0.5500,0.4600
2025-12-05T20:01:34.788406+00:00,0.4600,0.5500,0.5500,0.4600
2025-12-05T20:01:49.281358+00:00,0.4600,0.5500,0.5500,0.4600
2025-12-05T20:02:03.610678+00:00,0.4600,0.5500,0.5500,0.4600
2025-12-05T20:02:23.006471+00:00,0.4600,0.5500,0.5500,0.4600
2025-12-05T20:02:37.490747+00:00,0.4600,0.5500,0.5500,0.4600
2025-12-05T20:02:51.951817+00:00,0.4600,0.5500,0.5500,0.4600
2025-12-05T20:03:06.599778+00:00,0.4600,0.5500,0.5500,0.4600
2025-12-05T20:03:21.082408+00:00,0.4600,0.5500,0.5500,0.4600
2025-12-05T20:03:35.668321+00:00,0.4600,0.5500,0.5500,0.4600
2025-12-05T20:03:50.478933+00:00,0.4600,0.5500,0.5500,0.4600
2025-12-05T20:04:05.278384+00:00,0.4600,0.5500,0.5500,0.4600
2025-12-05T20:04:19.814910+00:00,0.4600,0.5500,0.5500,0.4600
2025-12-05T20:04:34.209660+00:00,0.4600,0.5500,0.5500,0.4600
2025-12-05T20:04:48.601738+00:00,0.4600,0.5500,0.5500,0.4600
2025-12-05T20:05:03.065245+00:00,0.4600,0.5500,0.5500,0.4600
2025-12-05T20:05:17.278286+00:00,0.4600,0.5500,0.5500,0.4600
2025-12-05T20:05:31.561268+00:00,0.4600,0.5500,0.5500,0.4600
2025-12-05T20:05:46.058922+00:00,0.4600,0.5500,0.5500,0.4600
2025-12-05T20:06:00.451531+00:00,0.4600,0.5500,0.5500,0.4600
2025-12-05T20:06:14.816283+00:00,0.4600,0.5500,0.5500,0.4600
2025-12-05T20:06:29.134742+00:00,0.4600,0.5500,0.5500,0.4600
2025-12-05T20:06:43.495475+00:00,0.4600,0.5500,0.5500,0.4600
2025-12-05T20:06:57.903133+00:00,0.4600,0.5500,0.5500,0.4600
2025-12-05T20:07:22.148149+00:00,0.4600,0.5500,0.5500,0.4600
2025-12-05T20:07:36.510183+00:00,0.4600,0.5500,0.5500,0.4600
2025-12-05T20:07:55.973489+00:00,0.4600,0.5500,0.5500,0.4600
2025-12-05T20:08:10.299302+00:00,0.4600,0.5500,0.5500,0.4600
2025-12-05T20:08:24.836942+00:00,0.4600,0.5500,0.5500,0.4600
2025-12-05T20:08:39.336897+00:00,0.4600,0.5500,0.5500,0.4600
2025-12-05T20:08:54.161678+00:00,0.4600,0.5500,0.5500,0.4600
2025-12-05T20:09:08.558817+00:00,0.4600,0.5500,0.5500,0.4600
2025-12-05T20:09:27.946899+00:00,0.4600,0.5500,0.5500,0.4600
2025-12-05T20:09:42.357235+00:00,0.4600,0.5500,0.5500,0.4600
2025-12-05T20:10:01.507792+00:00,0.4600,0.5500,0.5500,0.4600
2025-12-05T20:10:15.760904+00:00,0.4600,0.5500,0.5500,0.4600
2025-12-05T20:10:35.078330+00:00,0.4600,0.5500,0.5500,0.4600
2025-12-05T20:10:49.487720+00:00,0.4600,0.5500,0.5500,0.4600
2025-12-05T20:11:03.923272+00:00,0.4600,0.5500,0.5500,0.4600
2025-12-05T20:11:18.429526+00:00,0.4600,0.5500,0.5500,0.4600
2025-12-05T20:11:37.303932+00:00,0.4600,0.5500,0.5500,0.4600
2025-12-05T20:11:51.943170+00:00,0.4600,0.5500,0.5500,0.4600
2025-12-05T20:12:06.233835+00:00,0.4600,0.5500,0.5500,0.4600
2025-12-05T20:12:20.555360+00:00,0.4600,0.5500,0.5500,0.4600
2025-12-05T20:12:34.869096+00:00,0.4600,0.5500,0.5500,0.4600
2025-12-05T20:12:49.127285+00:00,0.4600,0.5500,0.5500,0.4600
2025-12-05T20:13:03.766721+00:00,0.4600,0.5500,0.5500,0.4600
2025-12-05T20:13:18.122068+00:00,0.4600,0.5500,0.5500,0.4600
2025-12-05T20:13:32.547463+00:00,0.4600,0.5500,0.5500,0.4600
2025-12-05T20:13:47.427111+00:00,0.4600,0.5500,0.5500,0.4600
2025-12-05T20:14:01.696950+00:00,0.4600,0.5500,0.5500,0.4600
2025-12-05T20:14:21.192476+00:00,0.4600,0.5500,0.5500,0.4600
2025-12-05T20:14:35.657791+00:00,0.4600,0.5500,0.5500,0.4600
2025-12-05T20:14:49.989024+00:00,0.4600,0.5500,0.5500,0.4600
2025-12-05T20:15:04.378711+00:00,0.4600,0.5500,0.5500,0.4600
2025-12-05T20:15:28.295323+00:00,0.4600,0.5500,0.5500,0.4600
2025-12-05T20:15:52.572203+00:00,0.4600,0.5500,0.5500,0.4600
2025-12-05T20:16:06.932560+00:00,0.4600,0.5500,0.5500,0.4600
2025-12-05T20:16:21.239654+00:00,0.4600,0.5500,0.5500,0.4600
2025-12-05T20:16:35.578476+00:00,0.4600,0.5500,0.5500,0.4600
2025-12-05T20:16:54.836696+00:00,0.4600,0.5500,0.5500,0.4600
2025-12-05T20:17:09.176509+00:00,0.4600,0.5500,0.5500,0.4600
2025-12-05T20:17:28.612683+00:00,0.4600,0.5500,0.5500,0.4600
2025-12-05T20:17:42.846700+00:00,0.4600,0.5500,0.5500,0.4600
2025-12-05T20:17:57.186053+00:00,0.4600,0.5500,0.5500,0.4600
2025-12-05T20:18:21.217803+00:00,0.4600,0.5500,0.5500,0.4600
2025-12-05T20:18:35.509540+00:00,0.4600,0.5500,0.5500,0.4600
2025-12-05T20:18:49.862406+00:00,0.4600,0.5500,0.5500,0.4600
2025-12-05T20:19:04.757878+00:00,0.4600,0.5500,0.5500,0.4600
2025-12-05T20:19:19.026445+00:00,0.4600,0.5500,0.5500,0.4600
2025-12-05T20:19:33.443458+00:00,0.4600,0.5500,0.5500,0.4600
2025-12-05T20:20:02.860125+00:00,0.4600,0.5500,0.5500,0.4600
2025-12-05T20:20:22.142529+00:00,0.4600,0.5500,0.5500,0.4600
2025-12-05T20:20:36.586110+00:00,0.4600,0.5500,0.5500,0.4600
2025-12-05T20:20:55.902741+00:00,0.4600,0.5500,0.5500,0.4600
2025-12-05T20:21:10.316138+00:00,0.4600,0.5500,0.5500,0.4600
2025-12-05T20:21:24.795941+00:00,0.4600,0.5500,0.5500,0.4600
2025-12-05T20:21:39.077530+00:00,0.4600,0.5500,0.5500,0.4600
2025-12-05T20:21:53.441404+00:00,0.4600,0.5500,0.5500,0.4600
2025-12-05T20:22:07.761675+00:00,0.4600,0.5500,0.5500,0.4600
2025-12-05T20:22:22.323119+00:00,0.4600,0.5500,0.5500,0.4600
2025-12-05T20:22:46.910994+00:00,0.4600,0.5500,0.5500,0.4600
2025-12-05T20:23:01.534749+00:00,0.4600,0.5500,0.5500,0.4600
2025-12-05T20:23:20.744681+00:00,0.4600,0.5500,0.5500,0.4600
2025-12-05T20:23:40.300558+00:00,0.4600,0.5500,0.5500,0.4600
2025-12-05T20:23:54.795230+00:00,0.4600,0.5500,0.5500,0.4600
2025-12-05T20:24:09.421553+00:00,0.4600,0.5500,0.5500,0.4600
2025-12-05T20:24:28.315002+00:00,0.4600,0.5500,0.5500,0.4600
2025-12-05T20:24:47.457645+00:00,0.4600,0.5500,0.5500,0.4600
2025-12-05T20:25:01.758945+00:00,0.4600,0.5500,0.5500,0.4600
2025-12-05T20:25:16.174099+00:00,0.4600,0.5500,0.5500,0.4600
2025-12-05T20:25:30.598948+00:00,0.4600,0.5500,0.5500,0.4600
2025-12-05T20:25:49.923770+00:00,0.4600,0.5500,0.5500,0.4600
2025-12-05T20:26:04.516135+00:00,0.4600,0.5500,0.5500,0.4600
2025-12-05T20:26:18.971404+00:00,0.4600,0.5500,0.5500,0.4600
2025-12-05T20:26:33.316518+00:00,0.4600,0.5500,0.5500,0.4600
2025-12-05T20:26:58.270452+00:00,0.4600,0.5500,0.5500,0.4600
2025-12-05T20:27:12.834649+00:00,0.4600,0.5500,0.5500,0.4600
2025-12-05T20:27:27.334197+00:00,0.4600,0.5500,0.5500,0.4600
2025-12-05T20:27:46.791683+00:00,0.4600,0.5500,0.5500,0.4600
2025-12-05T20:28:06.074106+00:00,0.4600,0.5500,0.5500,0.4600
2025-12-05T20:28:20.354426+00:00,0.4600,0.5500,0.5500,0.4600
2025-12-05T20:28:39.583160+00:00,0.4600,0.5500,0.5500,0.4600
2025-12-05T20:28:58.743605+00:00,0.4600,0.5500,0.5500,0.4600
2025-12-05T20:29:13.080462+00:00,0.4600,0.5500,0.5500,0.4600
2025-12-05T20:29:27.467760+00:00,0.4600,0.5500,0.5500,0.4600
2025-12-05T20:29:46.642277+00:00,0.4600,0.5500,0.5500,0.4600
2025-12-05T20:30:01.066831+00:00,0.4600,0.5500,0.5500,0.4600
2025-12-05T20:30:20.618190+00:00,0.4600,0.5500,0.5500,0.4600
2025-12-05T20:30:40.089401+00:00,0.4600,0.5500,0.5500,0.4600
2025-12-05T20:30:54.632093+00:00,0.4600,0.5500,0.5500,0.4600
2025-12-05T20:31:08.873698+00:00,0.4600,0.5500,0.5500,0.4600
2025-12-05T20:31:23.116178+00:00,0.4600,0.5500,0.5500,0.4600
2025-12-05T20:31:47.478929+00:00,0.4600,0.5500,0.5500,0.4600
2025-12-05T20:32:06.568403+00:00,0.4600,0.5500,0.5500,0.4600
2025-12-05T20:32:20.842395+00:00,0.4600,0.5500,0.5500,0.4600
2025-12-05T20:32:40.251716+00:00,0.4600,0.5500,0.5500,0.4600
2025-12-05T20:32:59.676661+00:00,0.4600,0.5500,0.5500,0.4600
2025-12-05T20:33:19.207940+00:00,0.4600,0.5500,0.5500,0.4600
2025-12-05T20:33:38.954238+00:00,0.4600,0.5500,0.5500,0.4600
2025-12-05T20:33:53.467626+00:00,0.4600,0.5500,0.5500,0.4600
2025-12-05T20:34:12.793654+00:00,0.4600,0.5500,0.5500,0.4600
2025-12-05T20:34:27.144767+00:00,0.4600,0.5500,0.5500,0.4600
2025-12-05T20:34:46.097224+00:00,0.4600,0.5500,0.5500,0.4600
2025-12-05T20:35:00.306470+00:00,0.4600,0.5500,0.5500,0.4600
2025-12-05T20:35:19.933142+00:00,0.4600,0.5500,0.5500,0.4600
2025-12-05T20:35:39.195838+00:00,0.4600,0.5500,0.5500,0.4600
2025-12-05T20:36:07.160135+00:00,0.4600,0.5500,0.5500,0.4600
2025-12-05T20:36:30.656063+00:00,0.4600,0.5500,0.5500,0.4600
2025-12-05T20:36:49.152576+00:00,0.4600,0.5500,0.5500,0.4600
2025-12-05T20:37:12.643252+00:00,0.4600,0.5500,0.5500,0.4600
2025-12-05T20:37:36.145283+00:00,0.4600,0.5500,0.5500,0.4600
2025-12-05T20:37:59.243010+00:00,0.4600,0.5500,0.5500,0.4600
2025-12-05T20:38:17.425011+00:00,0.4600,0.5500,0.5500,0.4600
2025-12-05T20:38:46.092605+00:00,0.4600,0.5500,0.5500,0.4600
2025-12-05T20:39:04.500811+00:00,0.4600,0.5500,0.5500,0.4600
2025-12-05T20:39:22.621538+00:00,0.4600,0.5500,0.5500,0.4600
2025-12-05T20:39:41.013159+00:00,0.4600,0.5500,0.5500,0.4600
2025-12-05T20:39:59.363200+00:00,0.4600,0.5500,0.5500,0.4600
2025-12-05T20:40:17.604563+00:00,0.4600,0.5500,0.5500,0.4600
2025-12-05T20:40:40.458724+00:00,0.4600,0.5500,0.5500,0.4600
2025-12-05T20:40:58.986505+00:00,0.4600,0.5500,0.5500,0.4600
2025-12-05T20:41:17.052656+00:00,0.4600,0.5500,0.5500,0.4600
2025-12-05T20:41:40.289164+00:00,0.4600,0.5500,0.5500,0.4600
2025-12-05T20:41:58.803131+00:00,0.4600,0.5500,0.5500,0.4600
2025-12-05T20:42:17.011530+00:00,0.4600,0.5500,0.5500,0.4600
2025-12-05T20:42:45.246069+00:00,0.4600,0.5500,0.5500,0.4600
2025-12-05T20:43:03.951554+00:00,0.4600,0.5500,0.5500,0.4600
2025-12-05T20:43:27.276094+00:00,0.4600,0.5500,0.5500,0.4600
2025-12-05T20:43:50.722225+00:00,0.4600,0.5500,0.5500,0.4600
2025-12-05T20:44:09.112532+00:00,0.4600,0.5500,0.5500,0.4600
2025-12-05T20:44:32.273013+00:00,0.4600,0.5500,0.5500,0.4600
2025-12-05T20:44:55.347265+00:00,0.4600,0.5500,0.5500,0.4600
2025-12-05T20:45:13.541930+00:00,0.4600,0.5500,0.5500,0.4600
2025-12-05T20:45:31.708884+00:00,0.4600,0.5500,0.5500,0.4600
2025-12-05T20:45:50.473788+00:00,0.4600,0.5500,0.5500,0.4600
2025-12-05T20:46:09.034613+00:00,0.4600,0.5500,0.5500,0.4600
2025-12-05T20:46:36.958301+00:00,0.4600,0.5500,0.5500,0.4600
2025-12-05T20:46:55.058039+00:00,0.4600,0.5500,0.5500,0.4600
2025-12-05T20:47:18.450614+00:00,0.4600,0.5500,0.5500,0.4600
2025-12-05T20:47:46.561878+00:00,0.4600,0.5500,0.5500,0.4600
2025-12-05T20:48:05.052267+00:00,0.4600,0.5500,0.5500,0.4600
2025-12-05T20:48:28.201706+00:00,0.4600,0.5500,0.5500,0.4600
2025-12-05T20:48:51.332718+00:00,0.4600,0.5500,0.5500,0.4600
2025-12-05T20:49:09.555044+00:00,0.4600,0.5500,0.5500,0.4600
2025-12-05T20:49:38.082079+00:00,0.4600,0.5500,0.5500,0.4600
2025-12-05T20:49:56.377816+00:00,0.4600,0.5500,0.5500,0.4600
2025-12-05T20:50:14.985936+00:00,0.4600,0.5500,0.5500,0.4600
2025-12-05T20:50:33.303264+00:00,0.4600,0.5500,0.5500,0.4600
2025-12-05T20:50:56.197623+00:00,0.4600,0.5500,0.5500,0.4600
2025-12-05T20:51:14.279445+00:00,0.4600,0.5500,0.5500,0.4600
2025-12-05T20:51:42.276013+00:00,0.4600,0.5500,0.5500,0.4600
2025-12-05T20:52:00.995751+00:00,0.4600,0.5500,0.5500,0.4600
2025-12-05T20:52:19.448964+00:00,0.4600,0.5500,0.5500,0.4600
2025-12-05T20:52:52.248022+00:00,0.4600,0.5500,0.5500,0.4600
2025-12-05T20:53:10.613276+00:00,0.4600,0.5500,0.5500,0.4600
2025-12-05T20:53:28.827544+00:00,0.4600,0.5500,0.5500,0.4600
2025-12-05T20:53:57.448322+00:00,0.4600,0.5500,0.5500,0.4600
2025-12-05T20:54:16.065185+00:00,0.4600,0.5500,0.5500,0.4600
2025-12-05T20:54:39.836251+00:00,0.4600,0.5500,0.5500,0.4600
2025-12-05T20:55:02.944277+00:00,0.4600,0.5500,0.5500,0.4600
2025-12-05T20:55:26.508604+00:00,0.4600,0.5500,0.5500,0.4600
2025-12-05T20:55:54.556233+00:00,0.4600,0.5500,0.5500,0.4600
2025-12-05T20:56:28.024433+00:00,0.4600,0.5500,0.5500,0.4600
2025-12-05T20:56:51.854539+00:00,0.4600,0.5500,0.5500,0.4600
2025-12-05T20:57:16.083348+00:00,0.4600,0.5500,0.5500,0.4600
2025-12-05T20:57:39.057055+00:00,0.4600,0.5500,0.5500,0.4600
2025-12-05T20:58:02.257054+00:00,0.4600,0.5500,0.5500,0.4600
2025-12-05T20:58:20.994108+00:00,0.4600,0.5500,0.5500,0.4600
2025-12-05T20:58:43.654108+00:00,0.4600,0.5500,0.5500,0.4600
2025-12-05T20:59:07.143395+00:00,0.4600,0.5500,0.5500,0.4600
2025-12-05T20:59:25.418151+00:00,0.4600,0.5500,0.5500,0.4600
2025-12-05T20:59:43.663271+00:00,0.4600,0.5500,0.5500,0.4600
2025-12-05T21:00:14.382544+00:00,0.4600,0.5500,0.5500,0.4600
2025-12-05T21:00:32.686029+00:00,0.4600,0.5500,0.5500,0.4600
2025-12-05T21:00:51.032215+00:00,0.4600,0.5500,0.5500,0.4600
2025-12-05T21:01:09.959356+00:00,0.4600,0.5500,0.5500,0.4600
2025-12-05T21:01:28.081167+00:00,0.4600,0.5500,0.5500,0.4600
2025-12-05T21:01:52.084068+00:00,0.4600,0.5500,0.5500,0.4600
2025-12-05T21:02:19.964610+00:00,0.4600,0.5500,0.5500,0.4600
2025-12-05T21:02:39.162139+00:00,0.4600,0.5500,0.5500,0.4600
2025-12-05T21:03:03.624261+00:00,0.4600,0.5500,0.5500,0.4600
2025-12-05T21:03:27.216884+00:00,0.4600,0.5500,0.5500,0.4600
2025-12-05T21:03:50.076786+00:00,0.4600,0.5500,0.5500,0.4600
2025-12-05T21:04:08.672087+00:00,0.4600,0.5500,0.5500,0.4600
2025-12-05T21:04:26.991263+00:00,0.4600,0.5500,0.5500,0.4600
2025-12-05T21:04:55.687862+00:00,0.4600,0.5500,0.5500,0.4600
2025-12-05T21:05:23.444272+00:00,0.4600,0.5500,0.5500,0.4600
2025-12-05T21:05:41.623305+00:00,0.4600,0.5500,0.5500,0.4600
2025-12-05T21:06:05.524118+00:00,0.4600,0.5500,0.5500,0.4600
2025-12-05T21:06:24.293171+00:00,0.4600,0.5500,0.5500,0.4600
2025-12-05T21:06:43.125317+00:00,0.4600,0.5500,0.5500,0.4600
2025-12-05T21:07:06.137461+00:00,0.4600,0.5500,0.5500,0.4600
2025-12-05T21:07:24.600461+00:00,0.4600,0.5500,0.5500,0.4600
2025-12-05T21:07:53.418270+00:00,0.4600,0.5500,0.5500,0.4600
2025-12-05T21:08:11.621269+00:00,0.4600,0.5500,0.5500,0.4600
2025-12-05T21:08:34.310680+00:00,0.4600,0.5500,0.5500,0.4600
2025-12-05T21:08:57.453554+00:00,0.4600,0.5500,0.5500,0.4600
2025-12-05T21:09:16.047399+00:00,0.4600,0.5500,0.5500,0.4600
2025-12-05T21:09:34.260847+00:00,0.4600,0.5500,0.5500,0.4600
2025-12-05T21:09:52.380479+00:00,0.4600,0.5500,0.5500,0.4600
2025-12-05T21:10:19.708926+00:00,0.4600,0.5500,0.5500,0.4600
2025-12-05T21:10:43.615340+00:00,0.4600,0.5500,0.5500,0.4600
2025-12-05T21:11:02.239659+00:00,0.4600,0.5500,0.5500,0.4600
2025-12-05T21:11:20.434399+00:00,0.4600,0.5500,0.5500,0.4600
2025-12-05T21:11:43.788008+00:00,0.4600,0.5500,0.5500,0.4600
2025-12-05T21:12:02.255224+00:00,0.4600,0.5500,0.5500,0.4600
2025-12-05T21:12:21.067130+00:00,0.4600,0.5500,0.5500,0.4600
2025-12-05T21:12:44.823375+00:00,0.4600,0.5500,0.5500,0.4600
2025-12-05T21:13:03.491778+00:00,0.4600,0.5500,0.5500,0.4600
2025-12-05T21:13:36.427541+00:00,0.4600,0.5500,0.5500,0.4600
2025-12-05T21:13:55.247146+00:00,0.4600,0.5500,0.5500,0.4600
2025-12-05T21:14:13.193924+00:00,0.4600,0.5500,0.5500,0.4600
2025-12-05T21:14:31.497589+00:00,0.4600,0.5500,0.5500,0.4600
2025-12-05T21:14:49.975570+00:00,0.4600,0.5500,0.5500,0.4600
2025-12-05T21:15:23.110031+00:00,0.4600,0.5500,0.5500,0.4600
2025-12-05T21:15:46.155661+00:00,0.4600,0.5500,0.5500,0.4600
2025-12-05T21:16:09.008804+00:00,0.4600,0.5500,0.5500,0.4600
2025-12-05T21:16:31.667125+00:00,0.4600,0.5500,0.5500,0.4600
2025-12-05T21:16:54.765716+00:00,0.4600,0.5500,0.5500,0.4600
2025-12-05T21:17:18.305892+00:00,0.4600,0.5500,0.5500,0.4600
2025-12-05T21:17:47.091407+00:00,0.4600,0.5500,0.5500,0.4600
2025-12-05T21:18:11.340990+00:00,0.4600,0.5500,0.5500,0.4600
2025-12-05T21:18:34.988652+00:00,0.4600,0.5500,0.5500,0.4600
2025-12-05T21:18:59.160517+00:00,0.4600,0.5500,0.5500,0.4600
2025-12-05T21:19:28.193950+00:00,0.4600,0.5500,0.5500,0.4600
2025-12-05T21:19:51.432975+00:00,0.4600,0.5500,0.5500,0.4600
2025-12-05T21:20:10.042413+00:00,0.4600,0.5500,0.5500,0.4600
2025-12-05T21:20:34.174304+00:00,0.4600,0.5500,0.5500,0.4600
2025-12-05T21:20:52.841551+00:00,0.4600,0.5500,0.5500,0.4600
2025-12-05T21:21:16.810064+00:00,0.4600,0.5500,0.5500,0.4600
2025-12-05T21:21:35.258563+00:00,0.4600,0.5500,0.5500,0.4600
2025-12-05T21:21:58.561064+00:00,0.4600,0.5500,0.5500,0.4600
2025-12-05T21:22:16.740158+00:00,0.4600,0.5500,0.5500,0.4600
2025-12-05T21:22:35.067986+00:00,0.4600,0.5500,0.5500,0.4600
2025-12-05T21:22:58.255659+00:00,0.4600,0.5500,0.5500,0.4600
2025-12-05T21:23:17.541306+00:00,0.4600,0.5500,0.5500,0.4600
2025-12-05T21:23:41.750792+00:00,0.4600,0.5500,0.5500,0.4600
2025-12-05T21:24:00.380511+00:00,0.4600,0.5500,0.5500,0.4600
2025-12-05T21:24:18.751442+00:00,0.4600,0.5500,0.5500,0.4600
2025-12-05T21:24:41.652097+00:00,0.4600,0.5500,0.5500,0.4600
2025-12-05T21:25:10.525919+00:00,0.4600,0.5500,0.5500,0.4600
2025-12-05T21:25:34.225759+00:00,0.4600,0.5500,0.5500,0.4600
2025-12-05T21:25:52.576228+00:00,0.4600,0.5500,0.5500,0.4600
2025-12-05T21:26:20.623368+00:00,0.4600,0.5500,0.5500,0.4600
2025-12-05T21:26:39.211867+00:00,0.4600,0.5500,0.5500,0.4600
2025-12-05T21:26:57.495875+00:00,0.4600,0.5500,0.5500,0.4600
2025-12-05T21:27:15.838485+00:00,0.4600,0.5500,0.5500,0.4600
2025-12-05T21:27:44.550948+00:00,0.4600,0.5500,0.5500,0.4600
2025-12-05T21:28:07.773259+00:00,0.4600,0.5500,0.5500,0.4600
2025-12-05T21:28:30.546140+00:00,0.4600,0.5500,0.5500,0.4600
2025-12-05T21:28:48.944125+00:00,0.4600,0.5500,0.5500,0.4600
2025-12-05T21:29:12.280325+00:00,0.4600,0.5500,0.5500,0.4600
2025-12-05T21:29:30.582259+00:00,0.4600,0.5500,0.5500,0.4600
2025-12-05T21:29:53.691494+00:00,0.4600,0.5500,0.5500,0.4600
2025-12-05T21:30:12.048398+00:00,0.4600,0.5500,0.5500,0.4600
2025-12-05T21:30:35.055558+00:00,0.4600,0.5500,0.5500,0.4600
2025-12-05T21:30:58.423864+00:00,0.4600,0.5500,0.5500,0.4600
2025-12-05T21:31:16.784180+00:00,0.4600,0.5500,0.5500,0.4600
2025-12-05T21:31:40.088040+00:00,0.4600,0.5500,0.5500,0.4600
2025-12-05T21:32:03.529569+00:00,0.4600,0.5500,0.5500,0.4600
2025-12-05T21:32:26.643131+00:00,0.4600,0.5500,0.5500,0.4600
2025-12-05T21:32:45.799083+00:00,0.4600,0.5500,0.5500,0.4600
2025-12-05T21:33:08.934701+00:00,0.4600,0.5500,0.5500,0.4600
2025-12-05T21:33:36.934998+00:00,0.4600,0.5500,0.5500,0.4600
2025-12-05T21:33:55.122387+00:00,0.4600,0.5500,0.5500,0.4600
2025-12-05T21:34:13.105670+00:00,0.4600,0.5500,0.5500,0.4600
2025-12-05T21:34:31.176269+00:00,0.4600,0.5500,0.5500,0.4600
2025-12-05T21:34:54.684779+00:00,0.4600,0.5500,0.5500,0.4600
2025-12-05T21:35:12.951391+00:00,0.4600,0.5500,0.5500,0.4600
2025-12-05T21:35:36.376425+00:00,0.4600,0.5500,0.5500,0.4600
2025-12-05T21:36:15.355193+00:00,0.4600,0.5500,0.5500,0.4600
2025-12-05T21:36:38.432043+00:00,0.4600,0.5500,0.5500,0.4600
2025-12-05T21:36:56.665355+00:00,0.4600,0.5500,0.5500,0.4600
2025-12-05T21:37:14.647267+00:00,0.4600,0.5500,0.5500,0.4600
2025-12-05T21:37:41.103437+00:00,0.4600,0.5500,0.5500,0.4600
2025-12-05T21:38:08.786710+00:00,0.4600,0.5500,0.5500,0.4600
2025-12-05T21:38:36.652918+00:00,0.4600,0.5500,0.5500,0.4600
2025-12-05T21:38:59.815300+00:00,0.4600,0.5500,0.5500,0.4600
2025-12-05T21:39:28.526132+00:00,0.4600,0.5500,0.5500,0.4600
2025-12-05T21:39:46.633139+00:00,0.4600,0.5500,0.5500,0.4600
2025-12-05T21:40:10.742296+00:00,0.4600,0.5500,0.5500,0.4600
2025-12-05T21:40:28.827690+00:00,0.4600,0.5500,0.5500,0.4600
2025-12-05T21:40:47.238831+00:00,0.4600,0.5500,0.5500,0.4600
2025-12-05T21:41:06.584600+00:00,0.4600,0.5500,0.5500,0.4600
2025-12-05T21:41:24.806360+00:00,0.4600,0.5500,0.5500,0.4600
2025-12-05T21:41:42.957547+00:00,0.4600,0.5500,0.5500,0.4600
2025-12-05T21:42:01.249995+00:00,0.4600,0.5500,0.5500,0.4600
2025-12-05T21:42:24.370188+00:00,0.4600,0.5500,0.5500,0.4600
2025-12-05T21:42:42.550007+00:00,0.4600,0.5500,0.5500,0.4600
2025-12-05T21:43:00.581442+00:00,0.4600,0.5500,0.5500,0.4600
2025-12-05T21:43:18.568408+00:00,0.4600,0.5500,0.5500,0.4600
2025-12-05T21:43:41.942105+00:00,0.4600,0.5500,0.5500,0.4600
2025-12-05T21:44:00.061670+00:00,0.4600,0.5500,0.5500,0.4600
2025-12-05T21:44:22.957875+00:00,0.4600,0.5500,0.5500,0.4600
2025-12-05T21:44:41.406208+00:00,0.4600,0.5500,0.5500,0.4600
2025-12-05T21:44:59.409820+00:00,0.4600,0.5500,0.5500,0.4600
2025-12-05T21:45:17.493507+00:00,0.4600,0.5500,0.5500,0.4600
2025-12-05T21:45:35.711360+00:00,0.4600,0.5500,0.5500,0.4600
2025-12-05T21:45:58.774187+00:00,0.4600,0.5500,0.5500,0.4600
2025-12-05T21:46:17.014994+00:00,0.4600,0.5500,0.5500,0.4600
2025-12-05T21:46:35.186338+00:00,0.4600,0.5500,0.5500,0.4600
2025-12-05T21:46:53.398381+00:00,0.4600,0.5500,0.5500,0.4600
2025-12-05T21:47:11.503109+00:00,0.4600,0.5500,0.5500,0.4600
2025-12-05T21:47:29.656119+00:00,0.4600,0.5500,0.5500,0.4600
2025-12-05T21:47:47.575978+00:00,0.4600,0.5500,0.5500,0.4600
2025-12-05T21:48:05.564984+00:00,0.4600,0.5500,0.5500,0.4600
2025-12-05T21:48:28.856745+00:00,0.4600,0.5500,0.5500,0.4600
2025-12-05T21:48:47.259477+00:00,0.4600,0.5500,0.5500,0.4600
2025-12-05T21:49:05.297733+00:00,0.4600,0.5500,0.5500,0.4600
2025-12-05T21:49:29.433747+00:00,0.4600,0.5500,0.5500,0.4600
2025-12-05T21:49:47.788545+00:00,0.4600,0.5500,0.5500,0.4600
2025-12-05T21:50:05.992619+00:00,0.4600,0.5500,0.5500,0.4600
2025-12-05T21:50:24.301400+00:00,0.4600,0.5500,0.5500,0.4600
2025-12-05T21:50:42.570226+00:00,0.4600,0.5500,0.5500,0.4600
2025-12-05T21:51:01.068671+00:00,0.4600,0.5500,0.5500,0.4600
2025-12-05T21:51:19.508376+00:00,0.4600,0.5500,0.5500,0.4600
2025-12-05T21:51:37.881822+00:00,0.4600,0.5500,0.5500,0.4600
2025-12-05T21:52:00.846477+00:00,0.4600,0.5500,0.5500,0.4600
2025-12-05T21:52:24.017499+00:00,0.4600,0.5500,0.5500,0.4600
2025-12-05T21:52:47.526824+00:00,0.4600,0.5500,0.5500,0.4600
2025-12-05T21:53:06.005929+00:00,0.4600,0.5500,0.5500,0.4600
2025-12-05T21:53:28.685153+00:00,0.4600,0.5500,0.5500,0.4600
2025-12-05T21:53:51.941453+00:00,0.4600,0.5500,0.5500,0.4600
2025-12-05T21:54:14.980401+00:00,0.4600,0.5500,0.5500,0.4600
2025-12-05T21:54:37.903668+00:00,0.4600,0.5500,0.5500,0.4600
2025-12-05T21:54:56.178856+00:00,0.4600,0.5500,0.5500,0.4600
2025-12-05T21:55:14.310170+00:00,0.4600,0.5500,0.5500,0.4600
2025-12-05T21:55:37.774879+00:00,0.4600,0.5500,0.5500,0.4600
2025-12-05T21:56:00.942954+00:00,0.4600,0.5500,0.5500,0.4600
2025-12-05T21:56:19.088526+00:00,0.4600,0.5500,0.5500,0.4600
2025-12-05T21:56:42.360554+00:00,0.4600,0.5500,0.5500,0.4600
2025-12-05T21:57:15.883372+00:00,0.4600,0.5500,0.5500,0.4600
2025-12-05T21:57:33.764284+00:00,0.4600,0.5500,0.5500,0.4600
2025-12-05T21:57:51.904304+00:00,0.4600,0.5500,0.5500,0.4600
2025-12-05T21:58:19.587467+00:00,0.4600,0.5500,0.5500,0.4600
2025-12-05T21:58:43.100442+00:00,0.4600,0.5500,0.5500,0.4600
2025-12-05T21:59:01.689145+00:00,0.4600,0.5500,0.5500,0.4600
2025-12-05T21:59:24.723599+00:00,0.4600,0.5500,0.5500,0.4600
2025-12-05T21:59:47.977486+00:00,0.4600,0.5500,0.5500,0.4600
2025-12-05T22:00:06.609355+00:00,0.4600,0.5500,0.5500,0.4600
2025-12-05T22:00:25.394112+00:00,0.4600,0.5500,0.5500,0.4600
2025-12-05T22:00:43.631270+00:00,0.4600,0.5500,0.5500,0.4600
2025-12-05T22:01:01.687140+00:00,0.4600,0.5500,0.5500,0.4600
2025-12-05T22:01:24.792159+00:00,0.4600,0.5500,0.5500,0.4600
2025-12-05T22:01:42.912327+00:00,0.4600,0.5500,0.5500,0.4600
2025-12-05T22:02:01.131009+00:00,0.4600,0.5500,0.5500,0.4600
2025-12-05T22:02:24.408171+00:00,0.4600,0.5500,0.5500,0.4600
2025-12-05T22:02:47.163788+00:00,0.4600,0.5500,0.5500,0.4600
2025-12-05T22:03:05.353424+00:00,0.4600,0.5500,0.5500,0.4600
2025-12-05T22:03:23.641524+00:00,0.4600,0.5500,0.5500,0.4600
2025-12-05T22:03:41.853380+00:00,0.4600,0.5500,0.5500,0.4600
2025-12-05T22:04:00.073831+00:00,0.4600,0.5500,0.5500,0.4600
2025-12-05T22:04:18.270767+00:00,0.4600,0.5500,0.5500,0.4600
2025-12-05T22:04:42.868410+00:00,0.4600,0.5500,0.5500,0.4600
2025-12-05T22:05:05.624931+00:00,0.4600,0.5500,0.5500,0.4600
2025-12-05T22:05:23.692893+00:00,0.4600,0.5500,0.5500,0.4600
2025-12-05T22:05:41.920947+00:00,0.4600,0.5500,0.5500,0.4600
2025-12-05T22:06:05.165293+00:00,0.4600,0.5500,0.5500,0.4600
2025-12-05T22:06:23.243278+00:00,0.4600,0.5500,0.5500,0.4600
2025-12-05T22:06:41.052771+00:00,0.4600,0.5500,0.5500,0.4600
2025-12-05T22:06:59.188501+00:00,0.4600,0.5500,0.5500,0.4600
2025-12-05T22:07:22.054085+00:00,0.4600,0.5500,0.5500,0.4600
2025-12-05T22:07:40.099979+00:00,0.4600,0.5500,0.5500,0.4600
2025-12-05T22:08:03.575506+00:00,0.4600,0.5500,0.5500,0.4600
2025-12-05T22:08:26.563029+00:00,0.4600,0.5500,0.5500,0.4600
2025-12-05T22:08:44.967542+00:00,0.4600,0.5500,0.5500,0.4600
2025-12-05T22:09:02.764834+00:00,0.4600,0.5500,0.5500,0.4600
2025-12-05T22:09:20.822550+00:00,0.4600,0.5500,0.5500,0.4600
2025-12-05T22:09:38.622201+00:00,0.4600,0.5500,0.5500,0.4600
2025-12-05T22:09:56.576763+00:00,0.4600,0.5500,0.5500,0.4600
2025-12-05T22:10:14.999691+00:00,0.4600,0.5500,0.5500,0.4600
2025-12-05T22:10:37.238650+00:00,0.4600,0.5500,0.5500,0.4600
2025-12-05T22:10:55.370552+00:00,0.4600,0.5500,0.5500,0.4600
2025-12-05T22:11:13.358208+00:00,0.4600,0.5500,0.5500,0.4600
2025-12-05T22:11:31.224211+00:00,0.4600,0.5500,0.5500,0.4600
2025-12-05T22:11:49.200169+00:00,0.4600,0.5500,0.5500,0.4600
2025-12-05T22:12:07.365231+00:00,0.4600,0.5500,0.5500,0.4600
2025-12-05T22:12:36.013464+00:00,0.4600,0.5500,0.5500,0.4600
2025-12-05T22:12:53.899592+00:00,0.4600,0.5500,0.5500,0.4600
2025-12-05T22:13:22.068520+00:00,0.4600,0.5500,0.5500,0.4600
2025-12-05T22:13:40.037681+00:00,0.4600,0.5500,0.5500,0.4600
2025-12-05T22:13:57.818600+00:00,0.4600,0.5500,0.5500,0.4600
2025-12-05T22:14:16.060951+00:00,0.4600,0.5500,0.5500,0.4600
2025-12-05T22:14:34.327180+00:00,0.4600,0.5500,0.5500,0.4600
2025-12-05T22:14:52.259465+00:00,0.4600,0.5500,0.5500,0.4600
2025-12-05T22:15:15.631827+00:00,0.4600,0.5500,0.5500,0.4600
2025-12-05T22:15:39.598089+00:00,0.4600,0.5500,0.5500,0.4600
2025-12-05T22:16:01.702815+00:00,0.4600,0.5500,0.5500,0.4600
2025-12-05T22:16:15.881958+00:00,0.4600,0.5500,0.5500,0.4600
2025-12-05T22:16:30.107677+00:00,0.4600,0.5500,0.5500,0.4600
2025-12-05T22:16:49.025181+00:00,0.4600,0.5500,0.5500,0.4600
2025-12-05T22:17:03.811687+00:00,0.4600,0.5500,0.5500,0.4600
2025-12-05T22:17:23.026703+00:00,0.4600,0.5500,0.5500,0.4600
2025-12-05T22:17:37.300774+00:00,0.4600,0.5500,0.5500,0.4600
2025-12-05T22:17:51.435109+00:00,0.4600,0.5500,0.5500,0.4600
2025-12-05T22:18:10.979496+00:00,0.4600,0.5500,0.5500,0.4600
2025-12-05T22:18:34.995595+00:00,0.4600,0.5500,0.5500,0.4600
2025-12-05T22:18:49.266091+00:00,0.4600,0.5500,0.5500,0.4600
2025-12-05T22:19:03.636201+00:00,0.4600,0.5500,0.5500,0.4600
2025-12-05T22:19:22.644179+00:00,0.4600,0.5500,0.5500,0.4600
2025-12-05T22:19:42.088304+00:00,0.4600,0.5500,0.5500,0.4600
2025-12-05T22:19:56.296317+00:00,0.4600,0.5500,0.5500,0.4600
2025-12-05T22:20:10.523029+00:00,0.4600,0.5500,0.5500,0.4600
2025-12-05T22:20:29.588671+00:00,0.4600,0.5500,0.5500,0.4600
2025-12-05T22:20:48.739221+00:00,0.4600,0.5500,0.5500,0.4600
2025-12-05T22:21:03.038087+00:00,0.4600,0.5500,0.5500,0.4600
2025-12-05T22:21:17.108106+00:00,0.4600,0.5500,0.5500,0.4600
2025-12-05T22:21:36.308443+00:00,0.4600,0.5500,0.5500,0.4600
2025-12-05T22:21:50.555002+00:00,0.4600,0.5500,0.5500,0.4600
2025-12-05T22:22:04.815856+00:00,0.4600,0.5500,0.5500,0.4600
2025-12-05T22:22:18.970644+00:00,0.4600,0.5500,0.5500,0.4600
2025-12-05T22:22:38.005001+00:00,0.4600,0.5500,0.5500,0.4600
2025-12-05T22:22:57.371773+00:00,0.4600,0.5500,0.5500,0.4600
2025-12-05T22:23:11.813276+00:00,0.4600,0.5500,0.5500,0.4600
2025-12-05T22:23:36.358362+00:00,0.4600,0.5500,0.5500,0.4600
2025-12-05T22:23:50.628823+00:00,0.4600,0.5500,0.5500,0.4600
2025-12-05T22:24:04.914186+00:00,0.4600,0.5500,0.5500,0.4600
2025-12-05T22:24:23.847629+00:00,0.4600,0.5500,0.5500,0.4600
2025-12-05T22:24:37.984900+00:00,0.4600,0.5500,0.5500,0.4600
2025-12-05T22:24:51.967264+00:00,0.4600,0.5500,0.5500,0.4600
2025-12-05T22:25:06.252780+00:00,0.4600,0.5500,0.5500,0.4600
2025-12-05T22:25:25.411212+00:00,0.4600,0.5500,0.5500,0.4600
2025-12-05T22:25:39.779036+00:00,0.4600,0.5500,0.5500,0.4600
2025-12-05T22:25:54.033590+00:00,0.4600,0.5500,0.5500,0.4600
2025-12-05T22:26:08.563783+00:00,0.4600,0.5500,0.5500,0.4600
2025-12-05T22:26:22.840605+00:00,0.4600,0.5500,0.5500,0.4600
2025-12-05T22:26:36.922993+00:00,0.4600,0.5500,0.5500,0.4600
2025-12-05T22:26:51.485034+00:00,0.4600,0.5500,0.5500,0.4600
2025-12-05T22:27:06.432091+00:00,0.4600,0.5500,0.5500,0.4600
2025-12-05T22:27:30.097719+00:00,0.4600,0.5500,0.5500,0.4600
2025-12-05T22:27:44.341666+00:00,0.4600,0.5500,0.5500,0.4600
2025-12-05T22:27:58.601228+00:00,0.4600,0.5500,0.5500,0.4600
2025-12-05T22:28:17.555653+00:00,0.4600,0.5500,0.5500,0.4600
2025-12-05T22:28:37.022531+00:00,0.4600,0.5500,0.5500,0.4600
2025-12-05T22:28:56.000193+00:00,0.4600,0.5500,0.5500,0.4600
2025-12-05T22:29:10.393724+00:00,0.4600,0.5500,0.5500,0.4600
2025-12-05T22:29:30.370612+00:00,0.4600,0.5500,0.5500,0.4600
2025-12-05T22:29:49.303576+00:00,0.4600,0.5500,0.5500,0.4600
2025-12-05T22:30:03.667361+00:00,0.4600,0.5500,0.5500,0.4600
2025-12-05T22:30:27.883598+00:00,0.4600,0.5500,0.5500,0.4600
2025-12-05T22:30:42.096901+00:00,0.4600,0.5500,0.5500,0.4600
2025-12-05T22:30:56.522965+00:00,0.4600,0.5500,0.5500,0.4600
2025-12-05T22:31:10.750323+00:00,0.4600,0.5500,0.5500,0.4600
2025-12-05T22:31:24.997698+00:00,0.4600,0.5500,0.5500,0.4600
2025-12-05T22:31:44.100253+00:00,0.4600,0.5500,0.5500,0.4600
2025-12-05T22:31:58.266609+00:00,0.4600,0.5500,0.5500,0.4600
2025-12-05T22:32:17.286252+00:00,0.4600,0.5500,0.5500,0.4600
2025-12-05T22:32:31.318886+00:00,0.4600,0.5500,0.5500,0.4600
2025-12-05T22:32:45.491994+00:00,0.4600,0.5500,0.5500,0.4600
2025-12-05T22:33:00.295147+00:00,0.4600,0.5500,0.5500,0.4600
2025-12-05T22:33:14.624066+00:00,0.4600,0.5500,0.5500,0.4600
2025-12-05T22:33:33.928241+00:00,0.4600,0.5500,0.5500,0.4600
2025-12-05T22:33:48.479588+00:00,0.4600,0.5500,0.5500,0.4600
2025-12-05T22:34:12.311575+00:00,0.4600,0.5500,0.5500,0.4600
2025-12-05T22:34:36.920500+00:00,0.4600,0.5500,0.5500,0.4600
2025-12-05T22:34:55.990193+00:00,0.4600,0.5500,0.5500,0.4600
2025-12-05T22:35:15.650122+00:00,0.4600,0.5500,0.5500,0.4600
2025-12-05T22:35:37.521927+00:00,0.4600,0.5500,0.5500,0.4600
2025-12-05T22:35:51.821423+00:00,0.4600,0.5500,0.5500,0.4600
2025-12-05T22:36:10.802300+00:00,0.4600,0.5500,0.5500,0.4600
2025-12-05T22:36:25.101019+00:00,0.4600,0.5500,0.5500,0.4600
2025-12-05T22:36:39.639235+00:00,0.4600,0.5500,0.5500,0.4600
2025-12-05T22:36:59.343782+00:00,0.4600,0.5500,0.5500,0.4600
2025-12-05T22:37:23.322549+00:00,0.4600,0.5500,0.5500,0.4600
2025-12-05T22:37:37.929596+00:00,0.4600,0.5500,0.5500,0.4600
2025-12-05T22:37:57.325171+00:00,0.4600,0.5500,0.5400,0.4700
2025-12-05T22:38:21.611474+00:00,0.4600,0.5500,0.5400,0.4700
2025-12-05T22:38:35.929032+00:00,0.4600,0.5500,0.5400,0.4700
2025-12-05T22:38:50.158536+00:00,0.4600,0.5500,0.5400,0.4700
2025-12-05T22:39:04.334569+00:00,0.4600,0.5500,0.5400,0.4700
2025-12-05T22:39:18.581251+00:00,0.4600,0.5500,0.5400,0.4700
2025-12-05T22:39:42.222601+00:00,0.4600,0.5500,0.5400,0.4700
2025-12-05T22:39:56.550995+00:00,0.4600,0.5500,0.5400,0.4700
2025-12-05T22:40:10.848708+00:00,0.4600,0.5500,0.5400,0.4700
2025-12-05T22:40:25.348097+00:00,0.4600,0.5500,0.5400,0.4700
2025-12-05T22:40:39.637067+00:00,0.4600,0.5500,0.5400,0.4700
2025-12-05T22:40:59.679714+00:00,0.4600,0.5500,0.5400,0.4700
2025-12-05T22:41:13.908294+00:00,0.4600,0.5500,0.5400,0.4700
2025-12-05T22:41:32.922792+00:00,0.4600,0.5500,0.5400,0.4700
2025-12-05T22:41:47.229699+00:00,0.4600,0.5500,0.5400,0.4700
2025-12-05T22:42:01.434287+00:00,0.4600,0.5500,0.5400,0.4700
2025-12-05T22:42:20.480297+00:00,0.4600,0.5500,0.5400,0.4700
2025-12-05T22:42:39.433284+00:00,0.4600,0.5500,0.5400,0.4700
2025-12-05T22:42:58.362249+00:00,0.4600,0.5500,0.5400,0.4700
2025-12-05T22:43:12.705776+00:00,0.4600,0.5500,0.5400,0.4700
2025-12-05T22:43:41.103162+00:00,0.4600,0.5500,0.5400,0.4700
2025-12-05T22:43:55.451450+00:00,0.4600,0.5500,0.5400,0.4700
2025-12-05T22:44:09.812198+00:00,0.4600,0.5500,0.5400,0.4700
2025-12-05T22:44:24.149557+00:00,0.4600,0.5500,0.5400,0.4700
2025-12-05T22:44:38.304065+00:00,0.4600,0.5500,0.5400,0.4700
2025-12-05T22:44:57.448881+00:00,0.4600,0.5500,0.5400,0.4700
2025-12-05T22:45:11.804553+00:00,0.4600,0.5500,0.5400,0.4700
2025-12-05T22:45:35.546465+00:00,0.4600,0.5500,0.5400,0.4700
2025-12-05T22:45:49.935212+00:00,0.4600,0.5500,0.5400,0.4700
2025-12-05T22:46:04.138912+00:00,0.4600,0.5500,0.5400,0.4700
2025-12-05T22:46:18.460882+00:00,0.4600,0.5500,0.5400,0.4700
2025-12-05T22:46:37.262368+00:00,0.4600,0.5500,0.5400,0.4700
2025-12-05T22:46:51.412356+00:00,0.4600,0.5500,0.5400,0.4700
2025-12-05T22:47:05.830190+00:00,0.4600,0.5500,0.5400,0.4700
2025-12-05T22:47:34.495181+00:00,0.4600,0.5500,0.5400,0.4700
2025-12-05T22:47:48.838965+00:00,0.4600,0.5500,0.5400,0.4700
2025-12-05T22:48:03.072472+00:00,0.4600,0.5500,0.5400,0.4700
2025-12-05T22:48:17.578522+00:00,0.4700,0.5400,0.5400,0.4700
2025-12-05T22:48:36.617313+00:00,0.4700,0.5400,0.5400,0.4700
2025-12-05T22:48:50.848225+00:00,0.4700,0.5400,0.5400,0.4700
2025-12-05T22:51:15.817391+00:00,0.4700,0.5400,0.5400,0.4700
2025-12-05T22:52:24.869571+00:00,0.4700,0.5400,0.5400,0.4700
2025-12-05T22:52:50.130981+00:00,0.4700,0.5400,0.5400,0.4700
2025-12-05T22:53:14.322534+00:00,0.4700,0.5400,0.5400,0.4700
2025-12-05T22:53:39.067883+00:00,0.4700,0.5400,0.5400,0.4700
2025-12-05T22:53:54.135384+00:00,0.4700,0.5400,0.5400,0.4700
2025-12-05T22:54:09.372400+00:00,0.4700,0.5400,0.5400,0.4700
2025-12-05T22:54:24.619328+00:00,0.4700,0.5400,0.5400,0.4700
2025-12-05T22:54:45.142913+00:00,0.4700,0.5400,0.5400,0.4700
2025-12-05T22:55:05.333332+00:00,0.4700,0.5400,0.5400,0.4700
2025-12-05T22:55:26.041787+00:00,0.4700,0.5400,0.5400,0.4700
2025-12-05T22:55:48.125194+00:00,0.4700,0.5400,0.5400,0.4700
2025-12-05T22:56:03.443172+00:00,0.4700,0.5400,0.5400,0.4700
2025-12-05T22:56:27.860958+00:00,0.4700,0.5400,0.5400,0.4700
2025-12-05T22:56:48.144466+00:00,0.4800,0.5400,0.5400,0.4700
2025-12-05T22:57:04.061167+00:00,0.4800,0.5400,0.5400,0.4700
2025-12-05T22:57:29.453629+00:00,0.4800,0.5400,0.5400,0.4700
2025-12-05T22:57:45.078764+00:00,0.4800,0.5400,0.5400,0.4700
2025-12-05T22:58:01.421026+00:00,0.4800,0.5400,0.5400,0.4700
2025-12-05T22:58:21.624010+00:00,0.4800,0.5400,0.5400,0.4700
2025-12-05T22:58:46.782296+00:00,0.4800,0.5400,0.5400,0.4700
2025-12-05T22:59:02.157239+00:00,0.4800,0.5400,0.5400,0.4700
2025-12-05T22:59:17.421701+00:00,0.4800,0.5400,0.5400,0.4700
2025-12-05T22:59:32.743109+00:00,0.4800,0.5400,0.5400,0.4700
2025-12-05T22:59:52.965247+00:00,0.4800,0.5400,0.5400,0.4700
2025-12-05T23:00:08.701384+00:00,0.4800,0.5300,0.5400,0.4700
2025-12-05T23:00:29.205818+00:00,0.4800,0.5300,0.5400,0.4700
2025-12-05T23:00:44.641886+00:00,0.4800,0.5300,0.5400,0.4700
2025-12-05T23:01:00.078810+00:00,0.4800,0.5300,0.5400,0.4700
2025-12-05T23:01:25.386247+00:00,0.4800,0.5300,0.5400,0.4700
2025-12-05T23:01:45.677352+00:00,0.4800,0.5400,0.5400,0.4700
2025-12-05T23:02:01.156967+00:00,0.4800,0.5400,0.5400,0.4700
2025-12-05T23:02:21.231890+00:00,0.4800,0.5400,0.5400,0.4700
2025-12-05T23:02:36.657800+00:00,0.4800,0.5400,0.5400,0.4700
2025-12-05T23:02:51.895384+00:00,0.4700,0.5400,0.5400,0.4700
2025-12-05T23:03:08.572665+00:00,0.4700,0.5400,0.5400,0.4700
2025-12-05T23:03:33.160026+00:00,0.4700,0.5400,0.5400,0.4700
2025-12-05T23:03:53.133860+00:00,0.4700,0.5400,0.5400,0.4700
2025-12-05T23:04:08.447184+00:00,0.4800,0.5400,0.5400,0.4700
2025-12-05T23:04:33.897112+00:00,0.4800,0.5400,0.5400,0.4700
2025-12-05T23:04:54.367994+00:00,0.4800,0.5400,0.5400,0.4700
2025-12-05T23:05:09.655533+00:00,0.4800,0.5400,0.5400,0.4700
2025-12-05T23:05:29.936787+00:00,0.4800,0.5400,0.5400,0.4700
2025-12-05T23:05:55.111308+00:00,0.4800,0.5400,0.5400,0.4700
2025-12-05T23:06:10.421358+00:00,0.4800,0.5400,0.5400,0.4700
2025-12-05T23:06:25.703939+00:00,0.4800,0.5400,0.5400,0.4700
2025-12-05T23:06:41.113827+00:00,0.4800,0.5400,0.5400,0.4700
2025-12-05T23:06:56.462867+00:00,0.4800,0.5400,0.5400,0.4700
2025-12-05T23:07:11.785265+00:00,0.4800,0.5400,0.5400,0.4700
2025-12-05T23:07:32.254075+00:00,0.4800,0.5400,0.5400,0.4700
2025-12-05T23:07:52.789414+00:00,0.4800,0.5400,0.5400,0.4700
2025-12-05T23:08:08.144086+00:00,0.4800,0.5400,0.5400,0.4700
2025-12-05T23:08:33.594181+00:00,0.4800,0.5400,0.5400,0.4700
2025-12-05T23:08:48.923381+00:00,0.4800,0.5400,0.5400,0.4700
2025-12-05T23:09:04.332310+00:00,0.4800,0.5400,0.5400,0.4700
2025-12-05T23:09:24.455232+00:00,0.4800,0.5300,0.5400,0.4700
2025-12-05T23:09:40.108371+00:00,0.4800,0.5300,0.5400,0.4700
2025-12-05T23:09:55.389709+00:00,0.4800,0.5300,0.5400,0.4700
2025-12-05T23:10:10.601347+00:00,0.4800,0.5300,0.5400,0.4700
2025-12-05T23:10:31.007016+00:00,0.4800,0.5300,0.5400,0.4700
2025-12-05T23:10:46.347179+00:00,0.4800,0.5300,0.5400,0.4700
2025-12-05T23:11:01.730562+00:00,0.4800,0.5300,0.5400,0.4700
2025-12-05T23:11:17.522180+00:00,0.4800,0.5300,0.5400,0.4700
2025-12-05T23:11:32.986429+00:00,0.4800,0.5300,0.5400,0.4700
2025-12-05T23:11:48.629396+00:00,0.4800,0.5300,0.5400,0.4700
2025-12-05T23:12:03.978383+00:00,0.4800,0.5300,0.5400,0.4700
2025-12-05T23:12:24.071703+00:00,0.4800,0.5300,0.5400,0.4700
2025-12-05T23:12:39.385592+00:00,0.4800,0.5300,0.5400,0.4700
2025-12-05T23:12:54.617113+00:00,0.4800,0.5300,0.5400,0.4700
2025-12-05T23:13:09.896859+00:00,0.4800,0.5300,0.5400,0.4700
2025-12-05T23:13:34.165228+00:00,0.4800,0.5300,0.5400,0.4700
2025-12-05T23:13:49.449834+00:00,0.4800,0.5300,0.5400,0.4700
2025-12-05T23:14:09.624621+00:00,0.4800,0.5300,0.5400,0.4700
2025-12-05T23:14:39.188383+00:00,0.4800,0.5300,0.5400,0.4700
2025-12-05T23:14:54.677412+00:00,0.4800,0.5300,0.5400,0.4700
2025-12-05T23:15:14.868937+00:00,0.4800,0.5300,0.5400,0.4700
2025-12-05T23:15:35.183967+00:00,0.4800,0.5300,0.5400,0.4700
2025-12-05T23:15:55.461128+00:00,0.4800,0.5300,0.5400,0.4700
2025-12-05T23:16:10.893789+00:00,0.4800,0.5300,0.5400,0.4700
2025-12-05T23:16:31.016213+00:00,0.4800,0.5300,0.5400,0.4700
2025-12-05T23:16:46.884967+00:00,0.4800,0.5300,0.5400,0.4700
2025-12-05T23:17:07.031913+00:00,0.4800,0.5300,0.5400,0.4700
2025-12-05T23:17:32.139489+00:00,0.4800,0.5300,0.5400,0.4700
2025-12-05T23:17:47.530318+00:00,0.4800,0.5300,0.5400,0.4700
2025-12-05T23:18:02.795587+00:00,0.4800,0.5300,0.5400,0.4700
2025-12-05T23:18:27.905117+00:00,0.4800,0.5300,0.5400,0.4700
2025-12-05T23:18:43.289222+00:00,0.4800,0.5300,0.5400,0.4700
2025-12-05T23:19:03.820610+00:00,0.4800,0.5400,0.5400,0.4700
2025-12-05T23:19:19.069752+00:00,0.4800,0.5400,0.5400,0.4700
2025-12-05T23:19:39.487152+00:00,0.4800,0.5400,0.5400,0.4700
2025-12-05T23:19:55.387017+00:00,0.4800,0.5400,0.5400,0.4700
2025-12-05T23:20:20.239895+00:00,0.4800,0.5400,0.5400,0.4700
2025-12-05T23:20:35.627073+00:00,0.4800,0.5400,0.5400,0.4700
2025-12-05T23:20:55.707504+00:00,0.4800,0.5400,0.5400,0.4700
2025-12-05T23:21:20.768904+00:00,0.4800,0.5400,0.5400,0.4700
2025-12-05T23:21:36.109180+00:00,0.4800,0.5400,0.5400,0.4700
2025-12-05T23:21:56.706481+00:00,0.4800,0.5400,0.5400,0.4700
2025-12-05T23:22:21.588959+00:00,0.4800,0.5400,0.5400,0.4700
2025-12-05T23:22:36.833022+00:00,0.4800,0.5400,0.5400,0.4700
2025-12-05T23:23:01.923377+00:00,0.4800,0.5400,0.5400,0.4700
2025-12-05T23:23:37.643708+00:00,0.4800,0.5300,0.5400,0.4700
2025-12-05T23:23:53.379302+00:00,0.4800,0.5300,0.5400,0.4700
2025-12-05T23:24:08.648475+00:00,0.4800,0.5300,0.5400,0.4700
2025-12-05T23:24:23.855733+00:00,0.4800,0.5300,0.5400,0.4700
2025-12-05T23:24:44.538853+00:00,0.4800,0.5300,0.5400,0.4700
2025-12-05T23:24:59.648246+00:00,0.4800,0.5300,0.5400,0.4700
2025-12-05T23:25:19.644372+00:00,0.4800,0.5300,0.5400,0.4700
2025-12-05T23:25:39.521985+00:00,0.4800,0.5300,0.5400,0.4700
2025-12-05T23:25:59.874612+00:00,0.4800,0.5300,0.5400,0.4700
2025-12-05T23:26:15.424374+00:00,0.4800,0.5300,0.5400,0.4700
2025-12-05T23:26:35.685672+00:00,0.4800,0.5300,0.5400,0.4700
2025-12-05T23:26:51.278113+00:00,0.4800,0.5300,0.5400,0.4700
2025-12-05T23:27:06.740438+00:00,0.4800,0.5300,0.5400,0.4700
2025-12-05T23:27:31.223349+00:00,0.4800,0.5300,0.5400,0.4700
2025-12-05T23:27:56.052670+00:00,0.4800,0.5300,0.5400,0.4700
2025-12-05T23:28:16.141287+00:00,0.4800,0.5300,0.5400,0.4700
2025-12-05T23:28:36.612517+00:00,0.4800,0.5300,0.5400,0.4700
2025-12-05T23:28:52.067591+00:00,0.4800,0.5300,0.5400,0.4700
2025-12-05T23:29:07.289221+00:00,0.4800,0.5300,0.5400,0.4700
2025-12-05T23:29:22.360806+00:00,0.4800,0.5300,0.5400,0.4700
2025-12-05T23:29:37.576266+00:00,0.4800,0.5300,0.5400,0.4700
2025-12-05T23:29:53.142398+00:00,0.4800,0.5300,0.5400,0.4700
2025-12-05T23:30:08.810003+00:00,0.4800,0.5300,0.5400,0.4700
2025-12-05T23:30:29.431072+00:00,0.4800,0.5300,0.5400,0.4700
2025-12-05T23:30:49.516237+00:00,0.4800,0.5300,0.5400,0.4700
2025-12-05T23:31:05.034504+00:00,0.4800,0.5300,0.5400,0.4700
2025-12-05T23:31:20.486872+00:00,0.4800,0.5300,0.5400,0.4700
2025-12-05T23:31:35.803261+00:00,0.4800,0.5300,0.5400,0.4700
2025-12-05T23:31:51.060690+00:00,0.4800,0.5300,0.5400,0.4700
2025-12-05T23:32:06.494865+00:00,0.4800,0.5300,0.5400,0.4700
2025-12-05T23:32:31.810945+00:00,0.4800,0.5300,0.5400,0.4700
2025-12-05T23:32:47.152086+00:00,0.4800,0.5300,0.5400,0.4700
2025-12-05T23:33:02.870798+00:00,0.4800,0.5300,0.5400,0.4700
2025-12-05T23:33:18.250922+00:00,0.4800,0.5300,0.5400,0.4700
2025-12-05T23:33:38.307479+00:00,0.4800,0.5300,0.5400,0.4700
2025-12-05T23:33:53.596164+00:00,0.4800,0.5300,0.5400,0.4700
2025-12-05T23:34:18.378775+00:00,0.4800,0.5300,0.5400,0.4700
2025-12-05T23:34:33.624024+00:00,0.4800,0.5300,0.5400,0.4700
2025-12-05T23:34:48.862156+00:00,0.4800,0.5300,0.5400,0.4700
2025-12-05T23:35:04.186774+00:00,0.4800,0.5300,0.5400,0.4700
2025-12-05T23:35:19.647786+00:00,0.4800,0.5300,0.5400,0.4700
2025-12-05T23:35:39.411941+00:00,0.4800,0.5300,0.5400,0.4700
2025-12-05T23:35:59.608654+00:00,0.4800,0.5300,0.5400,0.4700
2025-12-05T23:36:19.441240+00:00,0.4800,0.5300,0.5400,0.4700
2025-12-05T23:36:34.570273+00:00,0.4800,0.5300,0.5400,0.4700
2025-12-05T23:36:49.979023+00:00,0.4800,0.5300,0.5400,0.4700
2025-12-05T23:37:09.752349+00:00,0.4800,0.5300,0.5400,0.4700
2025-12-05T23:37:29.832529+00:00,0.4800,0.5300,0.5400,0.4700
2025-12-05T23:37:50.359811+00:00,0.4800,0.5300,0.5400,0.4700
2025-12-05T23:38:05.580814+00:00,0.4800,0.5300,0.5400,0.4700
2025-12-05T23:38:30.306426+00:00,0.4800,0.5300,0.5400,0.4700
2025-12-05T23:38:45.866584+00:00,0.4800,0.5300,0.5400,0.4700
2025-12-05T23:39:01.085730+00:00,0.4800,0.5300,0.5400,0.4700
2025-12-05T23:39:25.652062+00:00,0.4800,0.5300,0.5400,0.4700
2025-12-05T23:39:45.621219+00:00,0.4800,0.5300,0.5400,0.4700
2025-12-05T23:40:05.829985+00:00,0.4800,0.5300,0.5400,0.4700
2025-12-05T23:40:26.304994+00:00,0.4800,0.5300,0.5400,0.4700
2025-12-05T23:40:46.457235+00:00,0.4800,0.5300,0.5400,0.4700
2025-12-05T23:41:06.414576+00:00,0.4800,0.5300,0.5400,0.4700
2025-12-05T23:41:27.143747+00:00,0.4800,0.5300,0.5400,0.4700
2025-12-05T23:41:51.996742+00:00,0.4800,0.5300,0.5400,0.4700
2025-12-05T23:42:07.298455+00:00,0.4800,0.5300,0.5400,0.4700
2025-12-05T23:42:27.478156+00:00,0.4800,0.5300,0.5400,0.4700
2025-12-05T23:42:42.720003+00:00,0.4800,0.5300,0.5400,0.4700
2025-12-05T23:42:58.034509+00:00,0.4800,0.5300,0.5400,0.4700
2025-12-05T23:43:23.315396+00:00,0.4800,0.5300,0.5400,0.4700
2025-12-05T23:43:49.162887+00:00,0.4800,0.5300,0.5400,0.4700
2025-12-05T23:44:04.717874+00:00,0.4800,0.5300,0.5400,0.4700
2025-12-05T23:44:24.872044+00:00,0.4800,0.5300,0.5400,0.4700
2025-12-05T23:44:40.351407+00:00,0.4800,0.5300,0.5400,0.4700
2025-12-05T23:44:55.504827+00:00,0.4800,0.5300,0.5400,0.4700
2025-12-05T23:45:10.554498+00:00,0.4800,0.5300,0.5400,0.4700
2025-12-05T23:45:30.702496+00:00,0.4800,0.5300,0.5400,0.4700
2025-12-05T23:45:46.138476+00:00,0.4800,0.5300,0.5400,0.4700
2025-12-05T23:46:01.537480+00:00,0.4800,0.5300,0.5400,0.4700
2025-12-05T23:46:26.404228+00:00,0.4800,0.5300,0.5400,0.4700
2025-12-05T23:46:41.941321+00:00,0.4800,0.5300,0.5400,0.4700
2025-12-05T23:46:57.030670+00:00,0.4800,0.5300,0.5400,0.4700
2025-12-05T23:47:12.296900+00:00,0.4800,0.5300,0.5400,0.4700
2025-12-05T23:47:32.324786+00:00,0.4800,0.5300,0.5400,0.4700
2025-12-05T23:47:47.968628+00:00,0.4800,0.5300,0.5400,0.4700
2025-12-05T23:48:03.277864+00:00,0.4800,0.5300,0.5400,0.4700
2025-12-05T23:48:28.130805+00:00,0.4800,0.5300,0.5400,0.4700
2025-12-05T23:48:43.352477+00:00,0.4800,0.5300,0.5400,0.4700
2025-12-05T23:48:58.759667+00:00,0.4800,0.5300,0.5400,0.4700
2025-12-05T23:49:13.974887+00:00,0.4800,0.5300,0.5400,0.4700
2025-12-05T23:49:34.293263+00:00,0.4800,0.5300,0.5400,0.4700
2025-12-05T23:49:49.601946+00:00,0.4800,0.5300,0.5400,0.4700
2025-12-05T23:50:04.821833+00:00,0.4800,0.5300,0.5400,0.4700
2025-12-05T23:50:20.169762+00:00,0.4800,0.5300,0.5400,0.4700
2025-12-05T23:50:35.621685+00:00,0.4800,0.5300,0.5400,0.4700
2025-12-05T23:50:56.206584+00:00,0.4800,0.5300,0.5400,0.4700
2025-12-05T23:51:16.118939+00:00,0.4800,0.5300,0.5400,0.4700
2025-12-05T23:51:31.609524+00:00,0.4800,0.5300,0.5400,0.4700
2025-12-05T23:51:51.958874+00:00,0.4800,0.5300,0.5400,0.4700
2025-12-05T23:52:07.074726+00:00,0.4800,0.5300,0.5400,0.4700
2025-12-05T23:52:27.028289+00:00,0.4800,0.5300,0.5400,0.4700
2025-12-05T23:52:47.240490+00:00,0.4800,0.5300,0.5400,0.4700
2025-12-05T23:53:07.793798+00:00,0.4800,0.5300,0.5400,0.4700
2025-12-05T23:53:27.827697+00:00,0.4800,0.5300,0.5400,0.4700
2025-12-05T23:53:52.837189+00:00,0.4800,0.5300,0.5400,0.4700
2025-12-05T23:54:13.183292+00:00,0.4800,0.5300,0.5300,0.4800
2025-12-05T23:54:28.490348+00:00,0.4800,0.5300,0.5300,0.4800
2025-12-05T23:54:43.612355+00:00,0.4800,0.5300,0.5200,0.4900
2025-12-05T23:54:58.725869+00:00,0.4800,0.5300,0.5200,0.4900
2025-12-05T23:55:14.014883+00:00,0.4800,0.5300,0.5200,0.4900
2025-12-05T23:55:29.306978+00:00,0.4800,0.5300,0.5200,0.4900
2025-12-05T23:55:49.932112+00:00,0.4800,0.5300,0.5200,0.4900
2025-12-05T23:56:05.136195+00:00,0.4800,0.5300,0.5200,0.4900
2025-12-05T23:56:25.362903+00:00,0.4800,0.5300,0.5300,0.4900
2025-12-05T23:56:45.668366+00:00,0.4800,0.5300,0.5300,0.4800
2025-12-05T23:57:01.035285+00:00,0.4800,0.5300,0.5400,0.4800
2025-12-05T23:57:36.877788+00:00,0.4800,0.5300,0.5300,0.4800
2025-12-05T23:57:57.408528+00:00,0.4800,0.5300,0.5400,0.4800
2025-12-05T23:58:12.855915+00:00,0.4800,0.5300,0.5300,0.4800
2025-12-05T23:58:42.760956+00:00,0.4800,0.5300,0.5300,0.4800
2025-12-05T23:58:57.981353+00:00,0.4800,0.5300,0.5400,0.4800
2025-12-05T23:59:13.618434+00:00,0.4800,0.5300,0.5400,0.4800
2025-12-05T23:59:37.967550+00:00,0.4800,0.5300,0.5300,0.4800
2025-12-05T23:59:53.109141+00:00,0.4800,0.5300,0.5300,0.4800
2025-12-06T00:00:17.890480+00:00,0.4800,0.5300,0.5400,0.4700
2025-12-06T00:00:37.793477+00:00,0.4800,0.5300,0.5300,0.4800
2025-12-06T00:00:57.581386+00:00,0.4800,0.5300,0.5300,0.4800
2025-12-06T00:01:12.933535+00:00,0.4800,0.5300,0.5300,0.4800
2025-12-06T00:01:28.160741+00:00,0.4800,0.5300,0.5300,0.4800
2025-12-06T00:01:43.554185+00:00,0.4800,0.5300,0.5300,0.4800
2025-12-06T00:02:03.770556+00:00,0.4800,0.5300,0.5400,0.4800
2025-12-06T00:02:23.869688+00:00,0.4800,0.5300,0.5300,0.4800
2025-12-06T00:02:43.999428+00:00,0.4800,0.5300,0.5300,0.4800
2025-12-06T00:03:04.183586+00:00,0.4800,0.5300,0.5300,0.4800
2025-12-06T00:03:24.321880+00:00,0.4800,0.5300,0.5300,0.4800
2025-12-06T00:03:49.267735+00:00,0.4800,0.5300,0.5300,0.4800
2025-12-06T00:04:10.170490+00:00,0.4800,0.5300,0.5300,0.4800
2025-12-06T00:04:30.159203+00:00,0.4800,0.5300,0.5300,0.4800
2025-12-06T00:04:45.272237+00:00,0.4800,0.5300,0.5300,0.4800
2025-12-06T00:05:09.583813+00:00,0.4800,0.5300,0.5300,0.4800
2025-12-06T00:05:30.068393+00:00,0.4800,0.5300,0.5400,0.4800
2025-12-06T00:05:45.075379+00:00,0.4800,0.5300,0.5300,0.4800
2025-12-06T00:06:00.332486+00:00,0.4800,0.5300,0.5400,0.4800
2025-12-06T00:06:20.805182+00:00,0.4800,0.5300,0.5300,0.4800
2025-12-06T00:06:36.154835+00:00,0.4800,0.5300,0.5300,0.4800
2025-12-06T00:06:51.667812+00:00,0.4800,0.5300,0.5300,0.4800
2025-12-06T00:07:16.849283+00:00,0.4800,0.5300,0.5300,0.4800
2025-12-06T00:07:32.181715+00:00,0.4800,0.5300,0.5300,0.4800
2025-12-06T00:07:52.596850+00:00,0.4800,0.5300,0.5300,0.4800
2025-12-06T00:08:12.456529+00:00,0.4800,0.5300,0.5300,0.4800
2025-12-06T00:08:32.357507+00:00,0.4800,0.5300,0.5400,0.4700
2025-12-06T00:08:47.713160+00:00,0.4800,0.5300,0.5400,0.4700
2025-12-06T00:09:03.046894+00:00,0.4800,0.5300,0.5400,0.4700
2025-12-06T00:09:18.458363+00:00,0.4800,0.5300,0.5400,0.4700
2025-12-06T00:09:33.806720+00:00,0.4800,0.5300,0.5400,0.4700
2025-12-06T00:09:49.113623+00:00,0.4800,0.5300,0.5400,0.4800
2025-12-06T00:10:04.272389+00:00,0.4800,0.5300,0.5300,0.4800
2025-12-06T00:10:19.503185+00:00,0.4800,0.5300,0.5400,0.4800
2025-12-06T00:10:34.560294+00:00,0.4700,0.5400,0.5400,0.4800
2025-12-06T00:10:54.851615+00:00,0.4700,0.5400,0.5300,0.4800
2025-12-06T00:11:10.045389+00:00,0.4700,0.5400,0.5400,0.4800
2025-12-06T00:11:30.222210+00:00,0.4700,0.5400,0.5400,0.4800
2025-12-06T00:11:45.326806+00:00,0.4700,0.5400,0.5300,0.4800
2025-12-06T00:12:00.465972+00:00,0.4700,0.5400,0.5300,0.4800
2025-12-06T00:12:21.059521+00:00,0.4700,0.5400,0.5400,0.4700
2025-12-06T00:12:41.268187+00:00,0.4700,0.5400,0.5400,0.4800
2025-12-06T00:12:57.047042+00:00,0.4700,0.5400,0.5400,0.4800
2025-12-06T00:13:17.113015+00:00,0.4700,0.5400,0.5400,0.4700
2025-12-06T00:13:42.563742+00:00,0.4700,0.5400,0.5400,0.4700
2025-12-06T00:13:57.739855+00:00,0.4700,0.5400,0.5400,0.4700
2025-12-06T00:14:17.904500+00:00,0.4700,0.5400,0.5400,0.4700
2025-12-06T00:14:33.111023+00:00,0.4700,0.5400,0.5400,0.4700
2025-12-06T00:14:58.431230+00:00,0.4800,0.5300,0.5300,0.4800
2025-12-06T00:15:13.511626+00:00,0.4800,0.5400,0.5300,0.4800
2025-12-06T00:15:33.541528+00:00,0.4700,0.5400,0.5300,0.4800
2025-12-06T00:15:53.738399+00:00,0.4700,0.5400,0.5300,0.4800
2025-12-06T00:16:14.192520+00:00,0.4700,0.5400,0.5400,0.4700
2025-12-06T00:16:34.361147+00:00,0.4700,0.5400,0.5400,0.4700
2025-12-06T00:16:49.830187+00:00,0.4700,0.5400,0.5400,0.4700
2025-12-06T00:17:14.740259+00:00,0.4700,0.5400,0.5400,0.4700
2025-12-06T00:17:30.008370+00:00,0.4800,0.5400,0.5400,0.4700
2025-12-06T00:17:55.138685+00:00,0.4700,0.5400,0.5300,0.4800
2025-12-06T00:18:10.364033+00:00,0.4700,0.5400,0.5400,0.4800
2025-12-06T00:18:30.445558+00:00,0.4700,0.5400,0.5400,0.4800
2025-12-06T00:18:50.341705+00:00,0.4700,0.5400,0.5300,0.4800
2025-12-06T00:19:05.434359+00:00,0.4700,0.5400,0.5300,0.4800
2025-12-06T00:19:25.511726+00:00,0.4800,0.5300,0.5300,0.4800
2025-12-06T00:19:50.199748+00:00,0.4800,0.5300,0.5300,0.4800
2025-12-06T00:20:10.418495+00:00,0.4800,0.5300,0.5400,0.4800
2025-12-06T00:20:30.631385+00:00,0.4800,0.5300,0.5300,0.4800
2025-12-06T00:20:45.779693+00:00,0.4800,0.5300,0.5300,0.4800
2025-12-06T00:21:05.786741+00:00,0.4700,0.5400,0.5400,0.4800
2025-12-06T00:21:25.636969+00:00,0.4700,0.5400,0.5400,0.4800
2025-12-06T00:21:40.947195+00:00,0.4700,0.5400,0.5400,0.4800
2025-12-06T00:21:56.528770+00:00,0.4800,0.5300,0.5300,0.4800
2025-12-06T00:22:26.554412+00:00,0.4800,0.5400,0.5300,0.4800
2025-12-06T00:22:51.677377+00:00,0.4800,0.5400,0.5300,0.4800
2025-12-06T00:23:07.036816+00:00,0.4800,0.5400,0.5300,0.4800
2025-12-06T00:23:26.864759+00:00,0.4700,0.5400,0.5300,0.4800
2025-12-06T00:23:46.712710+00:00,0.4800,0.5300,0.5300,0.4800
2025-12-06T00:24:06.556944+00:00,0.4800,0.5300,0.5300,0.4800
2025-12-06T00:24:32.002729+00:00,0.4800,0.5300,0.5300,0.4800
2025-12-06T00:24:47.220622+00:00,0.4800,0.5300,0.5300,0.4800
2025-12-06T00:25:02.721654+00:00,0.4800,0.5300,0.5300,0.4800
2025-12-06T00:25:17.890340+00:00,0.4800,0.5300,0.5300,0.4800
2025-12-06T00:25:38.342712+00:00,0.4800,0.5300,0.5300,0.4800
2025-12-06T00:25:58.262550+00:00,0.4800,0.5300,0.5300,0.4800
2025-12-06T00:26:13.823518+00:00,0.4800,0.5300,0.5300,0.4800
2025-12-06T00:26:29.284515+00:00,0.4800,0.5300,0.5300,0.4800
2025-12-06T00:26:44.574350+00:00,0.4800,0.5300,0.5300,0.4800
2025-12-06T00:26:59.739680+00:00,0.4800,0.5300,0.5300,0.4800
2025-12-06T00:27:19.866461+00:00,0.4800,0.5300,0.5400,0.4800
2025-12-06T00:27:44.524089+00:00,0.4800,0.5300,0.5300,0.4800
2025-12-06T00:28:04.750886+00:00,0.4800,0.5300,0.5300,0.4800
2025-12-06T00:28:30.034653+00:00,0.4800,0.5300,0.5300,0.4800
2025-12-06T00:28:45.323373+00:00,0.4800,0.5300,0.5400,0.4700
2025-12-06T00:29:05.486744+00:00,0.4800,0.5300,0.5300,0.4800
2025-12-06T00:29:25.972591+00:00,0.4800,0.5300,0.5400,0.4800
2025-12-06T00:29:41.117441+00:00,0.4800,0.5300,0.5300,0.4800
2025-12-06T00:29:56.357208+00:00,0.4800,0.5300,0.5300,0.4800
2025-12-06T00:30:16.369355+00:00,0.4800,0.5300,0.5400,0.4700
2025-12-06T00:30:36.390453+00:00,0.4800,0.5400,0.5300,0.4800
2025-12-06T00:30:51.860534+00:00,0.4700,0.5400,0.5400,0.4800
2025-12-06T00:31:07.152425+00:00,0.4800,0.5400,0.5300,0.4800
2025-12-06T00:31:31.617540+00:00,0.4700,0.5400,0.5300,0.4800
2025-12-06T00:31:51.867833+00:00,0.4800,0.5300,0.5300,0.4800
2025-12-06T00:32:06.989708+00:00,0.4800,0.5300,0.5300,0.4800
2025-12-06T00:32:27.265540+00:00,0.4800,0.5400,0.5300,0.4800
2025-12-06T00:32:51.443249+00:00,0.4700,0.5400,0.5300,0.4800
2025-12-06T00:33:11.597804+00:00,0.4800,0.5300,0.5300,0.4800
2025-12-06T00:33:31.782509+00:00,0.4800,0.5300,0.5300,0.4800
2025-12-06T00:33:52.536336+00:00,0.4800,0.5300,0.5300,0.4800
2025-12-06T00:34:07.835010+00:00,0.4800,0.5300,0.5300,0.4800
2025-12-06T00:34:32.263182+00:00,0.4800,0.5300,0.5300,0.4800
2025-12-06T00:34:52.114733+00:00,0.4800,0.5300,0.5300,0.4800
2025-12-06T00:35:07.181103+00:00,0.4800,0.5300,0.5300,0.4800
2025-12-06T00:35:27.154553+00:00,0.4800,0.5300,0.5300,0.4800
2025-12-06T00:35:53.060470+00:00,0.4800,0.5300,0.5300,0.4800
2025-12-06T00:36:08.589929+00:00,0.4800,0.5300,0.5300,0.4800
2025-12-06T00:36:28.652979+00:00,0.4800,0.5300,0.5300,0.4800
2025-12-06T00:36:43.913569+00:00,0.4800,0.5300,0.5300,0.4800
2025-12-06T00:36:59.255969+00:00,0.4800,0.5300,0.5300,0.4800
2025-12-06T00:37:24.644089+00:00,0.4800,0.5300,0.5300,0.4800
2025-12-06T00:37:44.770304+00:00,0.4800,0.5300,0.5300,0.4800
2025-12-06T00:38:00.060886+00:00,0.4800,0.5300,0.5300,0.4800
2025-12-06T00:38:15.314413+00:00,0.4800,0.5300,0.5300,0.4800
2025-12-06T00:38:35.603812+00:00,0.4800,0.5300,0.5300,0.4800
2025-12-06T00:38:50.872180+00:00,0.4800,0.5300,0.5300,0.4800
2025-12-06T00:39:05.948759+00:00,0.4800,0.5300,0.5300,0.4800
2025-12-06T00:39:26.220310+00:00,0.4800,0.5300,0.5300,0.4800
2025-12-06T00:39:41.483906+00:00,0.4800,0.5300,0.5300,0.4800
2025-12-06T00:40:11.128156+00:00,0.4800,0.5300,0.5300,0.4800
2025-12-06T00:40:30.996437+00:00,0.4800,0.5300,0.5300,0.4800
2025-12-06T00:40:51.525891+00:00,0.4800,0.5300,0.5300,0.4800
2025-12-06T00:41:11.714145+00:00,0.4800,0.5300,0.5300,0.4800
2025-12-06T00:41:32.094640+00:00,0.4800,0.5300,0.5300,0.4800
2025-12-06T00:41:48.401397+00:00,0.4800,0.5300,0.5300,0.4800
2025-12-06T00:42:03.754293+00:00,0.4800,0.5300,0.5300,0.4800
2025-12-06T00:42:18.887151+00:00,0.4800,0.5300,0.5300,0.4800
2025-12-06T00:42:39.105566+00:00,0.4800,0.5300,0.5300,0.4800
2025-12-06T00:42:59.110316+00:00,0.4800,0.5300,0.5300,0.4800
2025-12-06T00:43:14.445637+00:00,0.4800,0.5300,0.5300,0.4800
2025-12-06T00:43:29.544379+00:00,0.4800,0.5300,0.5300,0.4800
2025-12-06T00:43:54.016590+00:00,0.4800,0.5300,0.5300,0.4800
2025-12-06T00:44:09.204045+00:00,0.4800,0.5300,0.5300,0.4800
2025-12-06T00:44:24.552407+00:00,0.4800,0.5300,0.5300,0.4800
2025-12-06T00:44:39.892305+00:00,0.4800,0.5300,0.5300,0.4800
2025-12-06T00:45:00.048861+00:00,0.4800,0.5300,0.5300,0.4800
2025-12-06T00:45:15.263883+00:00,0.4800,0.5300,0.5300,0.4800
2025-12-06T00:45:35.768784+00:00,0.4800,0.5300,0.5300,0.4800
2025-12-06T00:45:55.514725+00:00,0.4800,0.5300,0.5300,0.4800
2025-12-06T00:46:10.932042+00:00,0.4800,0.5300,0.5300,0.4800
2025-12-06T00:46:35.618955+00:00,0.4800,0.5300,0.5300,0.4800
2025-12-06T00:46:50.926744+00:00,0.4800,0.5300,0.5300,0.4800
2025-12-06T00:47:06.098412+00:00,0.4800,0.5300,0.5300,0.4800
2025-12-06T00:47:26.021818+00:00,0.4800,0.5300,0.5300,0.4800
2025-12-06T00:47:46.099571+00:00,0.4800,0.5300,0.5300,0.4800
2025-12-06T00:48:01.307219+00:00,0.4800,0.5300,0.5300,0.4800
2025-12-06T00:48:16.635629+00:00,0.4800,0.5300,0.5300,0.4800
2025-12-06T00:48:36.796518+00:00,0.4800,0.5300,0.5300,0.4800
2025-12-06T00:48:52.045519+00:00,0.4800,0.5300,0.5300,0.4800
2025-12-06T00:49:07.280835+00:00,0.4800,0.5300,0.5300,0.4800
2025-12-06T00:49:27.403816+00:00,0.4800,0.5300,0.5300,0.4800
2025-12-06T00:49:42.681356+00:00,0.4800,0.5300,0.5300,0.4800
2025-12-06T00:49:59.005368+00:00,0.4800,0.5300,0.5300,0.4800
2025-12-06T00:50:14.477349+00:00,0.4800,0.5300,0.5300,0.4800
2025-12-06T00:50:34.493698+00:00,0.4800,0.5300,0.5300,0.4800
2025-12-06T00:50:49.636565+00:00,0.4800,0.5300,0.5300,0.4800
2025-12-06T00:51:09.756344+00:00,0.4800,0.5300,0.5300,0.4800
2025-12-06T00:51:25.039380+00:00,0.4800,0.5300,0.5300,0.4800
2025-12-06T00:51:45.029053+00:00,0.4800,0.5300,0.5300,0.4800
2025-12-06T00:52:00.257857+00:00,0.4800,0.5300,0.5300,0.4800
2025-12-06T00:52:25.480573+00:00,0.4800,0.5300,0.5300,0.4800
2025-12-06T00:52:51.050379+00:00,0.4800,0.5300,0.5300,0.4800
2025-12-06T00:53:06.039165+00:00,0.4800,0.5300,0.5300,0.4800
2025-12-06T00:53:30.990610+00:00,0.4800,0.5300,0.5300,0.4800
2025-12-06T00:53:46.180090+00:00,0.4800,0.5300,0.5300,0.4800
2025-12-06T00:54:06.173508+00:00,0.4800,0.5300,0.5300,0.4800
2025-12-06T00:54:26.536200+00:00,0.4800,0.5300,0.5300,0.4800
2025-12-06T00:54:41.682626+00:00,0.4800,0.5300,0.5300,0.4800
2025-12-06T00:55:07.094257+00:00,0.4800,0.5300,0.5300,0.4800
2025-12-06T00:55:26.742365+00:00,0.4800,0.5300,0.5300,0.4800
2025-12-06T00:55:47.021950+00:00,0.4800,0.5300,0.5300,0.4800
2025-12-06T00:56:12.036864+00:00,0.4800,0.5300,0.5300,0.4800
2025-12-06T00:56:37.092197+00:00,0.4800,0.5300,0.5300,0.4800
2025-12-06T00:56:57.682693+00:00,0.4800,0.5300,0.5300,0.4800
2025-12-06T00:57:13.125369+00:00,0.4800,0.5300,0.5300,0.4800
2025-12-06T00:57:42.621593+00:00,0.4800,0.5300,0.5300,0.4800
2025-12-06T00:58:07.313898+00:00,0.4800,0.5300,0.5300,0.4800
2025-12-06T00:58:32.410464+00:00,0.4800,0.5300,0.5300,0.4800
2025-12-06T00:58:47.833329+00:00,0.4800,0.5300,0.5300,0.4800
2025-12-06T00:59:03.011332+00:00,0.4800,0.5300,0.5300,0.4800
2025-12-06T00:59:22.904024+00:00,0.4800,0.5300,0.5300,0.4800
2025-12-06T00:59:43.001624+00:00,0.4800,0.5300,0.5300,0.4800
2025-12-06T00:59:58.633195+00:00,0.4800,0.5300,0.5300,0.4800
2025-12-06T01:00:18.537011+00:00,0.4800,0.5300,0.5300,0.4800
2025-12-06T01:00:38.685340+00:00,0.4800,0.5300,0.5300,0.4800
2025-12-06T01:00:53.959961+00:00,0.4800,0.5300,0.5300,0.4800
2025-12-06T01:01:08.999402+00:00,0.4800,0.5300,0.5300,0.4800
2025-12-06T01:01:28.801946+00:00,0.4800,0.5300,0.5300,0.4800
2025-12-06T01:01:44.119085+00:00,0.4800,0.5300,0.5300,0.4800
2025-12-06T01:02:00.202578+00:00,0.4800,0.5300,0.5300,0.4800
2025-12-06T01:02:15.388774+00:00,0.4800,0.5300,0.5300,0.4800
2025-12-06T01:02:35.540635+00:00,0.4800,0.5300,0.5300,0.4800
2025-12-06T01:02:50.815379+00:00,0.4800,0.5300,0.5300,0.4800
2025-12-06T01:03:06.188351+00:00,0.4800,0.5300,0.5300,0.4800
2025-12-06T01:03:30.745526+00:00,0.4800,0.5300,0.5300,0.4800
2025-12-06T01:03:50.963749+00:00,0.4800,0.5300,0.5300,0.4800
2025-12-06T01:04:06.272143+00:00,0.4800,0.5300,0.5300,0.4800
2025-12-06T01:04:26.484688+00:00,0.4800,0.5300,0.5300,0.4800
2025-12-06T01:04:41.542103+00:00,0.4800,0.5300,0.5300,0.4800
2025-12-06T01:04:56.672636+00:00,0.4900,0.5200,0.5300,0.4800
2025-12-06T01:05:11.693962+00:00,0.4900,0.5300,0.5300,0.4800
2025-12-06T01:05:32.130381+00:00,0.4900,0.5300,0.5300,0.4800
2025-12-06T01:05:47.510494+00:00,0.4900,0.5300,0.5300,0.4800
2025-12-06T01:06:07.671897+00:00,0.4900,0.5200,0.5300,0.4800
2025-12-06T01:06:23.046333+00:00,0.4900,0.5200,0.5300,0.4800
2025-12-06T01:06:38.156301+00:00,0.4900,0.5200,0.5400,0.4800
2025-12-06T01:06:53.371123+00:00,0.4900,0.5200,0.5500,0.4600
2025-12-06T01:07:08.470514+00:00,0.4900,0.5200,0.5500,0.4600
2025-12-06T01:07:28.583758+00:00,0.4900,0.5200,0.5600,0.4500
2025-12-06T01:07:43.968378+00:00,0.4900,0.5200,0.5400,0.4800
2025-12-06T01:08:04.068071+00:00,0.4900,0.5200,0.5400,0.4700
2025-12-06T01:08:24.081470+00:00,0.4900,0.5200,0.5400,0.4700
2025-12-06T01:08:39.528779+00:00,0.4900,0.5200,0.5400,0.4700
2025-12-06T01:08:54.639692+00:00,0.4900,0.5200,0.5500,0.4600
2025-12-06T01:09:09.647283+00:00,0.4900,0.5200,0.5500,0.4600
2025-12-06T01:09:25.197393+00:00,0.4900,0.5200,0.5500,0.4600
2025-12-06T01:09:40.680645+00:00,0.4900,0.5200,0.5500,0.4600
2025-12-06T01:09:56.413276+00:00,0.4900,0.5200,0.5400,0.4800
2025-12-06T01:10:11.771307+00:00,0.4900,0.5200,0.5400,0.4800
2025-12-06T01:10:26.934352+00:00,0.4900,0.5200,0.5400,0.4800
2025-12-06T01:10:42.365420+00:00,0.4900,0.5200,0.5400,0.4800
2025-12-06T01:10:57.828030+00:00,0.4900,0.5200,0.5400,0.4800
2025-12-06T01:11:17.609933+00:00,0.4900,0.5200,0.5400,0.4800
2025-12-06T01:11:42.048616+00:00,0.4900,0.5200,0.5400,0.4800
2025-12-06T01:11:57.244072+00:00,0.4900,0.5200,0.5400,0.4800
2025-12-06T01:12:12.536235+00:00,0.4900,0.5200,0.5400,0.4800
2025-12-06T01:12:32.591032+00:00,0.4900,0.5200,0.5300,0.4800
2025-12-06T01:12:52.829271+00:00,0.4900,0.5200,0.5400,0.4800
2025-12-06T01:13:17.181783+00:00,0.4900,0.5200,0.5300,0.4800
2025-12-06T01:13:42.161964+00:00,0.4700,0.5400,0.5500,0.4600
2025-12-06T01:14:01.907294+00:00,0.4800,0.5400,0.5500,0.4700
2025-12-06T01:14:22.209374+00:00,0.4900,0.5200,0.5300,0.4800
2025-12-06T01:14:42.628620+00:00,0.4600,0.5500,0.5600,0.4500
2025-12-06T01:14:57.764491+00:00,0.4600,0.5500,0.5700,0.4400
2025-12-06T01:15:17.573103+00:00,0.4300,0.5800,0.6000,0.4300
2025-12-06T01:15:47.680911+00:00,0.4300,0.5800,0.5800,0.4300
2025-12-06T01:16:07.996649+00:00,0.4200,0.6000,0.6000,0.4200
2025-12-06T01:16:37.873710+00:00,0.4100,0.6000,0.6000,0.4100
2025-12-06T01:16:53.133403+00:00,0.3900,0.6200,0.5900,0.4200
2025-12-06T01:17:13.065699+00:00,0.4100,0.6000,0.5900,0.4200
2025-12-06T01:17:28.338050+00:00,0.4500,0.5700,0.5600,0.4500
2025-12-06T01:17:48.365781+00:00,0.4300,0.5800,0.5800,0.4300
2025-12-06T01:18:08.766944+00:00,0.4300,0.5800,0.6000,0.4100
2025-12-06T01:18:24.220478+00:00,0.4300,0.5800,0.5900,0.4300
2025-12-06T01:18:39.322175+00:00,0.4400,0.5700,0.5800,0.4300
2025-12-06T01:18:54.552453+00:00,0.4400,0.5700,0.5700,0.4400
2025-12-06T01:19:09.873758+00:00,0.4300,0.5800,0.6100,0.4100
2025-12-06T01:19:35.091735+00:00,0.4300,0.5800,0.5900,0.4300
2025-12-06T01:19:50.504083+00:00,0.4400,0.5800,0.5900,0.4200
2025-12-06T01:20:05.669773+00:00,0.4400,0.5700,0.6000,0.4200
2025-12-06T01:20:30.404880+00:00,0.4400,0.5700,0.6000,0.4100
2025-12-06T01:20:50.609375+00:00,0.4500,0.5600,0.5700,0.4400
2025-12-06T01:21:10.574993+00:00,0.4600,0.5600,0.5600,0.4600
2025-12-06T01:21:30.444275+00:00,0.3900,0.6200,0.6100,0.4000
2025-12-06T01:21:50.591270+00:00,0.4200,0.6000,0.6000,0.4100
2025-12-06T01:22:05.842718+00:00,0.4300,0.5900,0.5900,0.4200
2025-12-06T01:22:26.145321+00:00,0.4200,0.5900,0.6000,0.4200
2025-12-06T01:22:51.383294+00:00,0.3800,0.6500,0.6500,0.3700
2025-12-06T01:23:06.678472+00:00,0.3800,0.6400,0.6500,0.3700
2025-12-06T01:23:31.656023+00:00,0.3700,0.6400,0.6400,0.3700
2025-12-06T01:23:46.750299+00:00,0.3700,0.6400,0.6400,0.3700
2025-12-06T01:24:06.395612+00:00,0.3700,0.6400,0.6400,0.3700
2025-12-06T01:24:31.353160+00:00,0.3800,0.6300,0.6300,0.3900
2025-12-06T01:24:51.419411+00:00,0.3900,0.6300,0.6300,0.3900
2025-12-06T01:25:06.628526+00:00,0.3900,0.6300,0.6300,0.3900
2025-12-06T01:25:26.618932+00:00,0.3900,0.6300,0.6300,0.3900
2025-12-06T01:25:47.013734+00:00,0.3900,0.6300,0.6300,0.3900
2025-12-06T01:26:02.468732+00:00,0.3800,0.6300,0.6300,0.3800
2025-12-06T01:26:22.750482+00:00,0.3800,0.6300,0.6300,0.3800
2025-12-06T01:26:38.135353+00:00,0.3900,0.6200,0.6300,0.3900
2025-12-06T01:26:53.447527+00:00,0.4000,0.6100,0.6300,0.3900
2025-12-06T01:27:14.020964+00:00,0.3800,0.6300,0.6300,0.3800
2025-12-06T01:27:39.343972+00:00,0.3800,0.6300,0.6400,0.3700
2025-12-06T01:28:00.002568+00:00,0.3800,0.6300,0.6400,0.3700
2025-12-06T01:28:24.864599+00:00,0.3900,0.6200,0.6300,0.3800
2025-12-06T01:28:44.973601+00:00,0.4000,0.6200,0.6100,0.4100
2025-12-06T01:29:00.250700+00:00,0.4300,0.5900,0.5700,0.4400
2025-12-06T01:29:15.461531+00:00,0.4200,0.5900,0.5800,0.4300
2025-12-06T01:29:35.575444+00:00,0.4300,0.5800,0.5800,0.4400
2025-12-06T01:29:52.691747+00:00,0.4100,0.6100,0.6200,0.4100
2025-12-06T01:30:07.871796+00:00,0.4300,0.5900,0.5800,0.4300
2025-12-06T01:30:27.574481+00:00,0.4400,0.5700,0.5800,0.4400
2025-12-06T01:30:47.445818+00:00,0.4500,0.5700,0.5700,0.4500
2025-12-06T01:31:07.432193+00:00,0.4400,0.5700,0.5700,0.4400
2025-12-06T01:31:22.742346+00:00,0.4400,0.5700,0.5800,0.4400
2025-12-06T01:31:38.008332+00:00,0.4200,0.5900,0.5800,0.4300
2025-12-06T01:31:57.870457+00:00,0.4200,0.6200,0.5800,0.4300
2025-12-06T01:32:22.849101+00:00,0.4200,0.5900,0.5900,0.4200
2025-12-06T01:32:38.160821+00:00,0.4600,0.5500,0.5600,0.4500
2025-12-06T01:32:58.222801+00:00,0.4800,0.5400,0.5500,0.4700
2025-12-06T01:33:18.200122+00:00,0.4800,0.5300,0.5500,0.4600
2025-12-06T01:33:37.961941+00:00,0.4700,0.5400,0.5500,0.4600
2025-12-06T01:33:53.287445+00:00,0.4700,0.5400,0.5500,0.4600
2025-12-06T01:34:08.483693+00:00,0.4800,0.5300,0.5400,0.4700
2025-12-06T01:34:28.480077+00:00,0.4800,0.5300,0.5400,0.4700
2025-12-06T01:34:43.619166+00:00,0.4800,0.5300,0.5500,0.4700
2025-12-06T01:34:58.980698+00:00,0.4700,0.5400,0.5500,0.4600
2025-12-06T01:35:19.160423+00:00,0.4700,0.5400,0.5600,0.4500
2025-12-06T01:35:34.451436+00:00,0.4600,0.5600,0.5600,0.4600
2025-12-06T01:36:00.179787+00:00,0.4600,0.5500,0.5500,0.4600
2025-12-06T01:36:15.696890+00:00,0.4200,0.5900,0.6000,0.4200
2025-12-06T01:36:45.757042+00:00,0.4200,0.5900,0.5900,0.4200
2025-12-06T01:37:06.173465+00:00,0.4000,0.6200,0.6400,0.4100
2025-12-06T01:37:26.111296+00:00,0.4100,0.6000,0.6100,0.4200
2025-12-06T01:37:41.402499+00:00,0.4200,0.5900,0.6000,0.4300
2025-12-06T01:38:02.218804+00:00,0.4400,0.5900,0.5900,0.4200
2025-12-06T01:38:17.635212+00:00,0.4400,0.5900,0.5900,0.4200
2025-12-06T01:38:42.757331+00:00,0.4400,0.5800,0.5900,0.4200
2025-12-06T01:38:58.236458+00:00,0.4400,0.5700,0.5900,0.4200
2025-12-06T01:39:13.396239+00:00,0.4500,0.5600,0.5900,0.4200
2025-12-06T01:39:28.687398+00:00,0.4500,0.5700,0.5900,0.4200
2025-12-06T01:39:43.786775+00:00,0.4400,0.5700,0.5900,0.4200
2025-12-06T01:40:04.127543+00:00,0.4400,0.5700,0.5900,0.4200
2025-12-06T01:40:29.286963+00:00,0.4400,0.5700,0.5900,0.4200
2025-12-06T01:40:49.242646+00:00,0.5000,0.5200,0.5200,0.5000
2025-12-06T01:41:09.361558+00:00,0.5000,0.5200,0.5300,0.4900
2025-12-06T01:41:34.094009+00:00,0.5000,0.5100,0.5200,0.5000
2025-12-06T01:41:49.401279+00:00,0.5000,0.5100,0.5200,0.5000
2025-12-06T01:42:09.827363+00:00,0.5000,0.5100,0.5200,0.5000
2025-12-06T01:42:24.976214+00:00,0.4900,0.5200,0.5200,0.5000
2025-12-06T01:42:40.180921+00:00,0.4900,0.5200,0.5200,0.4900
2025-12-06T01:43:00.510416+00:00,0.4900,0.5200,0.5300,0.4800
2025-12-06T01:43:20.861139+00:00,0.4900,0.5200,0.5300,0.4800
2025-12-06T01:43:41.041170+00:00,0.4900,0.5200,0.5300,0.4800
2025-12-06T01:44:00.932866+00:00,0.4900,0.5200,0.5300,0.4800
2025-12-06T01:44:21.304291+00:00,0.4900,0.5200,0.5300,0.4800
2025-12-06T01:44:36.377594+00:00,0.4900,0.5200,0.5300,0.4800
2025-12-06T01:44:51.618096+00:00,0.4900,0.5300,0.5300,0.4800
2025-12-06T01:45:11.805595+00:00,0.4900,0.5300,0.5300,0.4800
2025-12-06T01:45:32.383319+00:00,0.4900,0.5200,0.5300,0.4800
2025-12-06T01:45:52.489147+00:00,0.4900,0.5200,0.5300,0.4800
2025-12-06T01:46:12.665120+00:00,0.4900,0.5200,0.5300,0.4800
2025-12-06T01:46:27.843283+00:00,0.5100,0.5100,0.5100,0.5000
2025-12-06T01:46:42.961461+00:00,0.5100,0.5100,0.5100,0.5000
2025-12-06T01:46:58.172026+00:00,0.5200,0.5000,0.5100,0.5100
2025-12-06T01:47:13.451223+00:00,0.5400,0.4700,0.5100,0.5000
2025-12-06T01:47:33.389412+00:00,0.4800,0.5300,0.5400,0.4800
2025-12-06T01:47:48.662204+00:00,0.4600,0.5500,0.5600,0.4600
2025-12-06T01:48:08.708914+00:00,0.4500,0.5600,0.5700,0.4400
2025-12-06T01:48:33.223179+00:00,0.4600,0.5500,0.5600,0.4500
2025-12-06T01:48:48.427128+00:00,0.4600,0.5500,0.5600,0.4600
2025-12-06T01:49:03.636868+00:00,0.4600,0.5600,0.5600,0.4600
2025-12-06T01:49:28.864788+00:00,0.4600,0.5600,0.5600,0.4600
2025-12-06T01:49:49.108584+00:00,0.4600,0.5600,0.5600,0.4600
2025-12-06T01:50:09.064869+00:00,0.4600,0.5500,0.5500,0.4600
2025-12-06T01:50:24.482661+00:00,0.4600,0.5500,0.5500,0.4600
2025-12-06T01:50:39.595648+00:00,0.4600,0.5500,0.5500,0.4600
2025-12-06T01:50:54.578912+00:00,0.4600,0.5500,0.5500,0.4600
2025-12-06T01:51:09.636580+00:00,0.4600,0.5500,0.5500,0.4600
2025-12-06T01:51:29.366370+00:00,0.4600,0.5500,0.5500,0.4600
2025-12-06T01:51:54.261582+00:00,0.4600,0.5500,0.5500,0.4600
2025-12-06T01:52:10.004951+00:00,0.4600,0.5600,0.5500,0.4600
2025-12-06T01:52:25.344768+00:00,0.4600,0.5500,0.5600,0.4600
2025-12-06T01:52:45.126644+00:00,0.4600,0.5500,0.5700,0.4400
2025-12-06T01:53:09.699318+00:00,0.4600,0.5500,0.5700,0.4400
2025-12-06T01:53:24.926254+00:00,0.4000,0.6100,0.6200,0.3900
2025-12-06T01:53:44.878947+00:00,0.4200,0.5900,0.5900,0.4200
2025-12-06T01:54:00.260709+00:00,0.4400,0.6000,0.6000,0.4200
2025-12-06T01:54:15.297408+00:00,0.4900,0.5200,0.5200,0.5000
2025-12-06T01:54:30.998734+00:00,0.4900,0.5200,0.5200,0.5000
2025-12-06T01:54:50.679350+00:00,0.5000,0.5200,0.5100,0.5000
2025-12-06T01:55:05.703541+00:00,0.5000,0.5100,0.5200,0.4900
2025-12-06T01:55:25.697587+00:00,0.5000,0.5100,0.5200,0.4900
2025-12-06T01:55:40.921146+00:00,0.5000,0.5100,0.5200,0.4900
2025-12-06T01:56:01.629657+00:00,0.5000,0.5100,0.5100,0.5000
2025-12-06T01:56:21.441765+00:00,0.5700,0.4600,0.4600,0.5500
2025-12-06T01:56:41.766933+00:00,0.5900,0.4300,0.4400,0.5900
2025-12-06T01:56:57.376962+00:00,0.5900,0.4300,0.4300,0.5900
2025-12-06T01:57:17.610665+00:00,0.6100,0.4000,0.4000,0.6100
2025-12-06T01:57:42.355607+00:00,0.6400,0.3700,0.3900,0.6400
2025-12-06T01:57:57.615705+00:00,0.6400,0.3700,0.3700,0.6400
2025-12-06T01:58:27.464854+00:00,0.6600,0.3500,0.3400,0.6700
2025-12-06T01:58:42.711399+00:00,0.6900,0.3200,0.3500,0.6600
2025-12-06T01:59:03.112593+00:00,0.6900,0.3200,0.3500,0.6600
2025-12-06T01:59:22.753767+00:00,0.6700,0.3400,0.3500,0.6600
2025-12-06T01:59:37.923137+00:00,0.6700,0.3400,0.3500,0.6600
2025-12-06T01:59:53.055391+00:00,0.6800,0.3300,0.3500,0.6600
2025-12-06T02:00:08.417248+00:00,0.6800,0.3300,0.3500,0.6600
2025-12-06T02:00:33.388544+00:00,0.6700,0.3400,0.3400,0.6800
2025-12-06T02:00:58.191205+00:00,0.6700,0.3400,0.3400,0.6800
2025-12-06T02:01:18.523383+00:00,0.6700,0.3400,0.3400,0.6700
2025-12-06T02:01:38.996793+00:00,0.6700,0.3400,0.3400,0.6700
2025-12-06T02:01:59.038431+00:00,0.6700,0.3400,0.3500,0.6600
2025-12-06T02:02:24.210287+00:00,0.6700,0.3400,0.3500,0.6600
2025-12-06T02:02:49.080013+00:00,0.6700,0.3400,0.3600,0.6600
2025-12-06T02:03:04.500956+00:00,0.6700,0.3400,0.3500,0.6600
2025-12-06T02:03:24.390134+00:00,0.6600,0.3600,0.3500,0.6600
2025-12-06T02:03:45.151891+00:00,0.6800,0.3400,0.3500,0.6600
2025-12-06T02:04:00.310264+00:00,0.7100,0.3100,0.3100,0.7000
2025-12-06T02:04:25.392177+00:00,0.7100,0.3000,0.3100,0.7000
2025-12-06T02:04:40.691696+00:00,0.7200,0.2900,0.3200,0.6900
2025-12-06T02:04:55.799033+00:00,0.6800,0.3300,0.3300,0.6800
2025-12-06T02:05:10.976832+00:00,0.6900,0.3300,0.3300,0.6900
2025-12-06T02:05:30.827551+00:00,0.6900,0.3200,0.3300,0.6800
2025-12-06T02:05:46.011235+00:00,0.6900,0.3200,0.3300,0.6900
2025-12-06T02:06:05.748679+00:00,0.6900,0.3200,0.3300,0.6900
2025-12-06T02:06:25.509395+00:00,0.6900,0.3200,0.3300,0.6900
2025-12-06T02:06:46.243103+00:00,0.7100,0.3000,0.3000,0.7100
2025-12-06T02:07:01.420458+00:00,0.7000,0.3100,0.3000,0.7200
2025-12-06T02:07:16.582535+00:00,0.7600,0.2600,0.2600,0.7600
2025-12-06T02:07:36.893819+00:00,0.7500,0.2700,0.2700,0.7400
2025-12-06T02:08:01.642033+00:00,0.7500,0.2700,0.2800,0.7400
2025-12-06T02:08:16.763331+00:00,0.7600,0.2600,0.2700,0.7400
2025-12-06T02:08:41.916253+00:00,0.7500,0.2600,0.2700,0.7400
2025-12-06T02:08:57.219468+00:00,0.7600,0.2600,0.2700,0.7400
2025-12-06T02:09:12.547791+00:00,0.7800,0.2300,0.2300,0.7800
2025-12-06T02:09:32.819901+00:00,0.7900,0.2300,0.2300,0.7900
2025-12-06T02:09:48.329595+00:00,0.7900,0.2300,0.2300,0.7900
2025-12-06T02:10:03.590263+00:00,0.7800,0.2300,0.2300,0.7900
2025-12-06T02:10:18.785308+00:00,0.7800,0.2300,0.2300,0.7900
2025-12-06T02:10:43.766433+00:00,0.7900,0.2300,0.2300,0.7900
2025-12-06T02:10:59.195972+00:00,0.7800,0.2300,0.2300,0.7800
2025-12-06T02:11:14.476901+00:00,0.7800,0.2300,0.2300,0.7800
2025-12-06T02:11:34.507093+00:00,0.7700,0.2400,0.2300,0.7800
2025-12-06T02:11:50.170409+00:00,0.7800,0.2300,0.2400,0.7800
2025-12-06T02:12:10.219972+00:00,0.8000,0.2300,0.2300,0.7800
2025-12-06T02:12:28.892065+00:00,0.8000,0.2200,0.2200,0.8000
2025-12-06T02:12:29.451330+00:00,0.8000,0.2200,0.2200,0.8000
2025-12-06T02:12:30.009055+00:00,0.8000,0.2200,0.2200,0.8000
2025-12-06T02:12:30.582063+00:00,0.8000,0.2200,0.2200,0.8000
2025-12-06T02:12:31.148032+00:00,0.8000,0.2200,0.2200,0.8000
2025-12-06T02:12:31.721596+00:00,0.8000,0.2200,0.2200,0.8000
2025-12-06T02:12:32.286999+00:00,0.8000,0.2200,0.2200,0.8000
2025-12-06T02:12:55.121615+00:00,0.8000,0.2200,0.2200,0.8000
2025-12-06T02:13:40.030113+00:00,0.7900,0.2300,0.2300,0.7900
2025-12-06T02:14:18.144566+00:00,0.8100,0.2000,0.2000,0.8200
2025-12-06T02:14:55.185381+00:00,0.8100,0.2100,0.2200,0.7900
2025-12-06T02:15:14.839975+00:00,0.8000,0.2100,0.2200,0.8000
2025-12-06T02:15:53.643475+00:00,0.8200,0.2000,0.2000,0.8200
2025-12-06T02:16:35.644775+00:00,0.8200,0.1900,0.2000,0.8200
2025-12-06T02:17:19.157529+00:00,0.8300,0.1800,0.1900,0.8200
2025-12-06T02:18:16.402336+00:00,0.7800,0.2300,0.2300,0.7800
2025-12-06T02:18:51.648958+00:00,0.7800,0.2300,0.2300,0.7800
2025-12-06T02:19:16.030171+00:00,0.7800,0.2300,0.2400,0.7800
2025-12-06T02:19:41.464561+00:00,0.7800,0.2300,0.2400,0.7700
2025-12-06T02:20:03.934873+00:00,0.7700,0.2400,0.2400,0.7700
2025-12-06T02:20:43.045202+00:00,0.7700,0.2400,0.2400,0.7700
2025-12-06T02:21:17.742025+00:00,0.7700,0.2400,0.2400,0.7800
2025-12-06T02:21:50.159993+00:00,0.7800,0.2400,0.2300,0.7800
2025-12-06T02:22:23.920324+00:00,0.7900,0.2200,0.2300,0.7800
2025-12-06T02:22:46.556283+00:00,0.8000,0.2100,0.2200,0.7900
2025-12-06T02:23:10.366636+00:00,0.8000,0.2200,0.2200,0.8000
2025-12-06T02:23:56.560753+00:00,0.8000,0.2100,0.2200,0.8000
2025-12-06T02:24:23.491039+00:00,0.7700,0.2400,0.2400,0.7700
2025-12-06T02:24:47.208755+00:00,0.7800,0.2300,0.2300,0.7800
2025-12-06T02:25:04.636883+00:00,0.7800,0.2300,0.2300,0.7800
2025-12-06T02:25:22.909637+00:00,0.7900,0.2300,0.2300,0.7900
2025-12-06T02:25:44.991434+00:00,0.7900,0.2200,0.2200,0.8000
2025-12-06T02:26:02.577319+00:00,0.8400,0.1800,0.1800,0.8400
2025-12-06T02:26:21.753692+00:00,0.8300,0.1800,0.1800,0.8400
2025-12-06T02:26:45.379171+00:00,0.8400,0.1800,0.1700,0.8400
2025-12-06T02:27:24.885944+00:00,0.8400,0.1700,0.1700,0.8400
2025-12-06T02:27:43.447622+00:00,0.8500,0.1600,0.1700,0.8400
2025-12-06T02:28:09.537609+00:00,0.8500,0.1600,0.1700,0.8400
2025-12-06T02:28:39.490741+00:00,0.8500,0.1600,0.1700,0.8400
2025-12-06T02:28:56.879606+00:00,0.8500,0.1600,0.1700,0.8400
2025-12-06T02:29:15.128063+00:00,0.8500,0.1600,0.1700,0.8500
2025-12-06T02:29:43.982334+00:00,0.8500,0.1600,0.1700,0.8500
2025-12-06T02:30:08.131858+00:00,0.8500,0.1600,0.1700,0.8400
2025-12-06T02:30:33.336266+00:00,0.8500,0.1600,0.1700,0.8500
2025-12-06T02:31:02.237696+00:00,0.8500,0.1600,0.1700,0.8500
2025-12-06T02:31:25.247592+00:00,0.8500,0.1600,0.1700,0.8500
2025-12-06T02:31:46.038291+00:00,0.8600,0.1500,0.1500,0.8700
2025-12-06T02:32:05.481964+00:00,0.8700,0.1400,0.1400,0.8700
2025-12-06T02:32:36.193858+00:00,0.9000,0.1200,0.1200,0.8900
2025-12-06T02:33:20.730249+00:00,0.8900,0.1200,0.1200,0.9000
2025-12-06T02:33:43.305281+00:00,0.8700,0.1400,0.1400,0.8700
2025-12-06T02:34:02.261553+00:00,0.8700,0.1400,0.1400,0.8700
2025-12-06T02:34:24.846329+00:00,0.8600,0.1500,0.1600,0.8700
2025-12-06T02:34:53.219754+00:00,0.8500,0.1700,0.1700,0.8500
2025-12-06T02:35:21.149951+00:00,0.9000,0.1100,0.1100,0.9000
2025-12-06T02:35:58.354612+00:00,0.8700,0.1400,0.1400,0.8800
2025-12-06T02:36:26.097718+00:00,0.9200,0.0900,0.0900,0.9200
2025-12-06T02:36:57.807355+00:00,0.9200,0.0900,0.0900,0.9200
2025-12-06T02:37:25.657043+00:00,0.9100,0.1100,0.1000,0.9100
2025-12-06T02:37:53.503979+00:00,0.9000,0.1100,0.1100,0.9100
2025-12-06T02:38:21.741881+00:00,0.8800,0.1300,0.1400,0.8800
2025-12-06T02:38:44.028148+00:00,0.9000,0.1100,0.1100,0.9000
2025-12-06T02:39:08.813169+00:00,0.8900,0.1300,0.1300,0.8900
2025-12-06T02:39:28.068367+00:00,0.9200,0.1000,0.1100,0.9100
2025-12-06T02:39:55.988192+00:00,0.9100,0.1000,0.1000,0.9100
2025-12-06T02:40:19.822371+00:00,0.9100,0.1000,0.1200,0.9000
2025-12-06T02:40:57.573955+00:00,0.9000,0.1100,0.1100,0.9100
2025-12-06T02:41:30.647672+00:00,0.9000,0.1100,0.1100,0.9000
2025-12-06T02:41:52.682559+00:00,0.9000,0.1100,0.1100,0.9000
2025-12-06T02:42:15.550002+00:00,0.8900,0.1200,0.1300,0.8900
2025-12-06T02:42:40.916204+00:00,0.8900,0.1200,0.1200,0.8900
2025-12-06T02:43:05.139715+00:00,0.8700,0.1400,0.1400,0.8700
2025-12-06T02:43:29.715002+00:00,0.8700,0.1400,0.1400,0.8800
2025-12-06T02:44:07.713592+00:00,0.8800,0.1300,0.1500,0.8800
2025-12-06T02:44:45.990520+00:00,0.8800,0.1300,0.1500,0.8700
2025-12-06T02:45:15.496474+00:00,0.8600,0.1500,0.1700,0.8600
2025-12-06T02:45:54.889677+00:00,0.8700,0.1400,0.1500,0.9000
2025-12-06T02:46:34.112297+00:00,0.9200,0.1000,0.0900,0.9200
2025-12-06T02:46:57.522925+00:00,0.8700,0.1500,0.1400,0.8800
2025-12-06T02:47:26.744004+00:00,0.8700,0.1400,0.1400,0.8700
2025-12-06T02:47:56.502818+00:00,0.8900,0.1200,0.1400,0.8900
2025-12-06T02:48:24.788560+00:00,0.8800,0.1400,0.1400,0.8800
2025-12-06T02:48:53.480543+00:00,0.8800,0.1400,0.1400,0.8800
2025-12-06T02:49:22.474424+00:00,0.8900,0.1400,0.1400,0.8900
2025-12-06T02:49:44.602376+00:00,0.8900,0.1300,0.1200,0.8900
2025-12-06T02:50:07.287610+00:00,0.9100,0.1000,0.1200,0.9000
2025-12-06T02:50:29.457434+00:00,0.9100,0.1000,0.1000,0.9200
2025-12-06T02:50:54.270941+00:00,0.9200,0.1000,0.1000,0.9200
2025-12-06T02:51:12.308572+00:00,0.9100,0.1100,0.1000,0.9200
2025-12-06T02:51:36.073743+00:00,0.9100,0.1100,0.1000,0.9200
2025-12-06T02:51:55.301608+00:00,0.9100,0.1100,0.1000,0.9200
2025-12-06T02:52:25.880582+00:00,0.9100,0.1100,0.1000,0.9200
2025-12-06T02:52:57.920086+00:00,0.9000,0.1100,0.1000,0.9200
2025-12-06T02:53:21.921191+00:00,0.9100,0.1100,0.1000,0.9100
2025-12-06T02:53:57.566647+00:00,0.9100,0.1000,0.1000,0.9100
2025-12-06T02:54:34.553246+00:00,0.9100,0.1000,0.0900,0.9200
2025-12-06T02:55:03.537511+00:00,0.9100,0.1000,0.0900,0.9200
2025-12-06T02:55:23.764980+00:00,0.9100,0.1000,0.0900,0.9200
2025-12-06T02:55:46.714995+00:00,0.9100,0.1000,0.0900,0.9200
2025-12-06T02:56:21.061177+00:00,0.9100,0.1000,0.0900,0.9200
2025-12-06T02:56:48.386140+00:00,0.9100,0.1000,0.0900,0.9200
2025-12-06T02:57:14.575326+00:00,0.9100,0.1000,0.0900,0.9200
2025-12-06T02:57:31.064298+00:00,0.9100,0.1000,0.0900,0.9200
2025-12-06T02:57:52.956580+00:00,0.9100,0.1000,0.0900,0.9200
2025-12-06T02:58:14.254421+00:00,0.9100,0.1000,0.0900,0.9200
2025-12-06T02:58:52.124679+00:00,0.9100,0.1000,0.0900,0.9200
2025-12-06T02:59:09.133712+00:00,0.9100,0.1000,0.0900,0.9200
2025-12-06T02:59:30.897242+00:00,0.9100,0.1000,0.0900,0.9200
2025-12-06T03:00:04.846336+00:00,0.9200,0.0900,0.0900,0.9200
2025-12-06T03:00:32.473149+00:00,0.9200,0.0900,0.0900,0.9200
2025-12-06T03:00:50.514231+00:00,0.9200,0.0900,0.0900,0.9200
2025-12-06T03:01:23.330754+00:00,0.9200,0.0900,0.0900,0.9200
2025-12-06T03:01:40.515728+00:00,0.9200,0.0900,0.0900,0.9200
2025-12-06T03:02:03.407610+00:00,0.9200,0.0900,0.0900,0.9200
2025-12-06T03:02:35.457832+00:00,0.9200,0.0900,0.0900,0.9200
2025-12-06T03:02:58.565329+00:00,0.9200,0.0900,0.0900,0.9200
2025-12-06T03:03:40.299086+00:00,0.9200,0.0900,0.0900,0.9200
2025-12-06T03:04:06.503669+00:00,0.9200,0.0900,0.0900,0.9200
2025-12-06T03:04:29.440014+00:00,0.9200,0.0900,0.0900,0.9200
2025-12-06T03:04:56.830989+00:00,0.9200,0.0900,0.0900,0.9200
2025-12-06T03:05:20.078623+00:00,0.9200,0.0900,0.0900,0.9200
2025-12-06T03:05:51.162880+00:00,0.9200,0.0900,0.0900,0.9200
2025-12-06T03:06:07.687882+00:00,0.9200,0.0900,0.0900,0.9200
2025-12-06T03:06:34.631431+00:00,0.9200,0.0900,0.0900,0.9200
2025-12-06T03:06:56.984254+00:00,0.9200,0.0900,0.0900,0.9200
2025-12-06T03:07:19.385443+00:00,0.9200,0.0900,0.0900,0.9200
2025-12-06T03:07:50.280538+00:00,0.9200,0.0900,0.0900,0.9200
2025-12-06T03:08:07.951788+00:00,0.9200,0.0900,0.0900,0.9200
2025-12-06T03:08:24.841504+00:00,0.9200,0.0900,0.0900,0.9200
2025-12-06T03:08:46.973888+00:00,0.9200,0.0900,0.0900,0.9200
2025-12-06T03:09:08.070249+00:00,0.9200,0.0900,0.0900,0.9200
2025-12-06T03:09:31.632887+00:00,0.9200,0.0900,0.0900,0.9200
2025-12-06T03:09:58.598264+00:00,0.9300,0.0800,0.0900,0.9200
2025-12-06T03:10:19.660938+00:00,0.9300,0.0800,0.0900,0.9200
2025-12-06T03:10:56.612802+00:00,0.9300,0.0800,0.0900,0.9200
2025-12-06T03:11:24.364571+00:00,0.9300,0.0800,0.0900,0.9200
2025-12-06T03:11:45.908478+00:00,0.9300,0.0800,0.0900,0.9200
2025-12-06T03:12:15.105718+00:00,0.9300,0.0800,0.0900,0.9200
2025-12-06T03:12:47.687485+00:00,0.9300,0.0800,0.0900,0.9200
2025-12-06T03:13:04.317391+00:00,0.9300,0.0800,0.0900,0.9200
2025-12-06T03:13:31.797802+00:00,0.9300,0.0900,0.0900,0.9200
2025-12-06T03:14:06.086348+00:00,0.9300,0.0800,0.0900,0.9200
2025-12-06T03:14:27.925640+00:00,0.9300,0.0800,0.0900,0.9200
2025-12-06T03:14:45.286806+00:00,0.9300,0.0800,0.0900,0.9200
2025-12-06T03:15:06.882437+00:00,0.9300,0.0800,0.0900,0.9200
2025-12-06T03:15:28.245502+00:00,0.9300,0.0800,0.0900,0.9200
2025-12-06T03:16:09.714255+00:00,0.9300,0.0800,0.0900,0.9200
2025-12-06T03:16:48.322262+00:00,0.9300,0.0800,0.0900,0.9200
2025-12-06T03:17:07.375737+00:00,0.9300,0.0800,0.0900,0.9200
2025-12-06T03:17:39.237584+00:00,0.9300,0.0800,0.0900,0.9200
2025-12-06T03:18:07.608962+00:00,0.9200,0.0900,0.0900,0.9200
2025-12-06T03:18:41.477784+00:00,0.9300,0.0800,0.0900,0.9200
2025-12-06T03:18:59.469945+00:00,0.9200,0.0900,0.0800,0.9300
2025-12-06T03:19:22.907466+00:00,0.9400,0.0800,0.0800,0.9400
2025-12-06T03:19:49.982666+00:00,0.9500,0.0600,0.0700,0.9400
2025-12-06T03:20:16.653859+00:00,0.9400,0.0700,0.0700,0.9400
2025-12-06T03:20:57.374586+00:00,0.9400,0.0700,0.0700,0.9400
2025-12-06T03:21:16.848091+00:00,0.9300,0.0800,0.0900,0.9300
2025-12-06T03:21:55.291756+00:00,0.9300,0.0800,0.0800,0.9300
2025-12-06T03:22:18.729870+00:00,0.9300,0.0800,0.0800,0.9300
2025-12-06T03:22:41.681570+00:00,0.9300,0.0800,0.0800,0.9300
2025-12-06T03:23:03.482319+00:00,0.9300,0.0800,0.0800,0.9300
2025-12-06T03:23:26.126453+00:00,0.9400,0.0800,0.0800,0.9300
2025-12-06T03:23:50.767306+00:00,0.9400,0.0800,0.0800,0.9300
2025-12-06T03:24:07.632437+00:00,0.9400,0.0800,0.0800,0.9300
2025-12-06T03:24:40.943517+00:00,0.9200,0.1000,0.0900,0.9200
2025-12-06T03:25:04.154238+00:00,0.9100,0.1000,0.1000,0.9100
2025-12-06T03:25:33.679741+00:00,0.9300,0.0900,0.1000,0.9100
2025-12-06T03:25:56.270248+00:00,0.9200,0.0900,0.0900,0.9200
2025-12-06T03:26:25.009491+00:00,0.9300,0.0800,0.0800,0.9300
2025-12-06T03:26:49.856028+00:00,0.9400,0.0800,0.0900,0.9300
2025-12-06T03:27:18.050884+00:00,0.9400,0.0800,0.0800,0.9400
2025-12-06T03:27:49.429366+00:00,0.9700,0.0500,0.0700,0.9700
2025-12-06T03:28:21.323939+00:00,0.9700,0.0400,0.0400,0.9700
2025-12-06T03:28:47.868636+00:00,0.9800,0.0400,0.0300,0.9800
2025-12-06T03:29:09.582680+00:00,0.9700,0.0400,0.0400,0.9700
2025-12-06T03:29:35.518464+00:00,0.9700,0.0400,0.0400,0.9700
2025-12-06T03:29:58.930513+00:00,0.9600,0.0500,0.0400,0.9700
2025-12-06T03:30:22.665236+00:00,0.9600,0.0500,0.0500,0.9600
2025-12-06T03:30:38.621306+00:00,0.9700,0.0500,0.0500,0.9600
2025-12-06T03:30:55.955148+00:00,0.9600,0.0500,0.0500,0.9700
2025-12-06T03:31:17.098512+00:00,0.9700,0.0400,0.0400,0.9700
2025-12-06T03:31:43.217449+00:00,0.9700,0.0400,0.0400,0.9700
2025-12-06T03:32:06.038418+00:00,0.9700,0.0400,0.0500,0.9700
2025-12-06T03:32:30.754408+00:00,0.9700,0.0400,0.0500,0.9600
2025-12-06T03:32:47.279867+00:00,0.9700,0.0400,0.0400,0.9700
2025-12-06T03:33:09.096608+00:00,0.9800,0.0300,0.0300,0.9800
2025-12-06T03:33:38.221962+00:00,0.9900,0.0200,0.0300,0.9800
2025-12-06T03:33:56.055716+00:00,0.9900,0.0300,0.0300,0.9900
2025-12-06T03:34:18.094875+00:00,0.9900,0.0200,0.0200,0.9900
2025-12-06T03:34:50.231209+00:00,0.9900,0.0200,0.0300,0.9900
2025-12-06T03:35:06.788857+00:00,0.9900,0.0300,0.0300,0.9800
2025-12-06T03:35:33.320717+00:00,0.9900,0.0200,0.0200,0.9900
2025-12-06T03:36:02.721187+00:00,0.9900,0.0300,0.0300,0.9900
2025-12-06T03:36:35.053849+00:00,0.9900,0.0200,0.0200,0.9900
2025-12-06T03:37:08.271919+00:00,0.9900,0.0200,0.0200,0.9900
2025-12-06T03:37:38.983165+00:00,0.9900,0.0200,0.0200,0.9900
2025-12-06T03:38:08.011013+00:00,0.9900,0.0200,0.0200,0.9900
2025-12-06T03:38:48.136017+00:00,0.9900,0.0200,0.0200,0.9900
2025-12-06T03:39:23.091369+00:00,0.9900,0.0200,0.0300,0.9900
2025-12-06T03:39:58.052125+00:00,0.9900,0.0200,0.0200,0.9900
2025-12-06T03:40:28.456255+00:00,0.9900,0.0200,0.0300,0.9900
2025-12-06T03:40:49.518495+00:00,0.9900,0.0200,0.0300,0.9800
2025-12-06T03:41:24.687626+00:00,0.9800,0.0300,0.0300,0.9800
2025-12-06T03:41:58.420696+00:00,0.9800,0.0300,0.0400,0.9800
2025-12-06T03:42:26.574401+00:00,0.9800,0.0300,0.0400,0.9700
2025-12-06T03:43:07.333514+00:00,0.9800,0.0300,0.0400,0.9700
2025-12-06T03:43:44.807223+00:00,0.9700,0.0400,0.0500,0.9700
2025-12-06T03:44:19.502162+00:00,0.9800,0.0300,0.0300,0.9800
2025-12-06T03:44:50.759171+00:00,0.9800,0.0100,0.0400,0.9700
2025-12-06T03:45:29.159166+00:00,0.9800,0.0300,0.0200,0.9900
2025-12-06T03:45:50.438523+00:00,0.9800,0.0100,0.0100,0.9900
2025-12-06T03:46:25.726607+00:00,0.9800,0.0100,0.0100,0.9900
2025-12-06T03:47:10.603469+00:00,0.9800,0.0100,0.0100,0.9900
2025-12-06T03:47:44.591304+00:00,0.9800,0.0100,0.0100,0.9900
2025-12-06T03:48:11.658478+00:00,0.9800,0.0200,0.0100,0.9900
2025-12-06T03:48:53.039257+00:00,0.9800,0.0200,0.0100,0.9900
2025-12-06T03:49:13.969886+00:00,0.9800,0.0100,0.0100,0.9900
2025-12-06T03:49:54.411165+00:00,0.9800,0.0100,0.0100,0.9900
2025-12-06T03:50:15.031617+00:00,0.9800,0.0100,0.0100,0.9900
2025-12-06T03:50:56.541611+00:00,0.9800,0.0100,0.0100,0.9900
2025-12-06T03:51:33.509034+00:00,0.9800,0.0100,0.0100,0.9900
2025-12-06T03:52:06.281308+00:00,0.9800,0.0100,0.0100,0.9900
2025-12-06T03:52:41.414239+00:00,0.9800,0.0100,0.0100,0.9900
2025-12-06T03:53:16.455111+00:00,0.9800,0.0100,0.0100,0.9900
2025-12-06T03:53:52.536395+00:00,0.9800,0.0100,0.0100,0.9900
2025-12-06T03:54:12.168935+00:00,0.9800,0.0100,0.0100,0.9900
2025-12-06T03:54:42.656214+00:00,0.9800,0.0100,0.0100,0.9900
2025-12-06T03:55:07.855367+00:00,0.9800,0.0100,0.0100,0.9900
2025-12-06T03:55:37.806578+00:00,0.9800,0.0100,0.0100,0.9900
2025-12-06T03:56:06.151736+00:00,0.9800,0.0100,0.0100,0.9900
2025-12-06T03:56:35.756421+00:00,0.9800,0.0100,0.0100,0.9900
2025-12-06T03:58:09.367783+00:00,0.9800,0.0100,0.0100,0.9900
2025-12-06T03:58:09.850821+00:00,0.9800,0.0100,0.0100,0.9900
2025-12-06T03:58:10.341481+00:00,0.9800,0.0100,0.0100,0.9900
2025-12-06T03:58:10.848093+00:00,0.9800,0.0100,0.0100,0.9900
2025-12-06T03:58:11.383631+00:00,0.9800,0.0100,0.0100,0.9900
2025-12-06T03:58:11.907632+00:00,0.9800,0.0100,0.0100,0.9900
2025-12-06T03:58:12.424419+00:00,0.9800,0.0100,0.0100,0.9900
2025-12-06T03:58:12.933940+00:00,0.9800,0.0100,0.0100,0.9900
2025-12-06T03:58:28.456006+00:00,0.9800,0.0100,0.0100,0.9900
2025-12-06T03:58:28.928491+00:00,0.9800,0.0100,0.0100,0.9900
2025-12-06T03:58:29.403950+00:00,0.9800,0.0100,0.0100,0.9900
2025-12-06T03:58:29.874467+00:00,0.9800,0.0100,0.0100,0.9900
2025-12-06T03:58:30.351574+00:00,0.9800,0.0100,0.0100,0.9900
2025-12-06T03:58:30.828087+00:00,0.9800,0.0100,0.0100,0.9900
2025-12-06T03:58:31.315022+00:00,0.9800,0.0100,0.0100,0.9900
2025-12-06T03:58:31.798616+00:00,0.9800,0.0100,0.0100,0.9900
2025-12-06T03:58:32.276197+00:00,0.9800,0.0100,0.0100,0.9900
2025-12-06T03:58:32.804124+00:00,0.9800,0.0100,0.0100,0.9900
2025-12-06T03:59:24.137583+00:00,0.9800,0.0200,0.0200,0.9900
2025-12-06T03:59:25.626002+00:00,0.9800,0.0200,0.0200,0.9900
2025-12-06T03:59:26.105679+00:00,0.9800,0.0200,0.0200,0.9900
2025-12-06T03:59:26.583847+00:00,0.9800,0.0200,0.0200,0.9900
2025-12-06T03:59:27.057664+00:00,0.9800,0.0200,0.0200,0.9900
2025-12-06T03:59:27.529113+00:00,0.9800,0.0200,0.0200,0.9900
2025-12-06T03:59:40.390315+00:00,0.9800,0.0200,0.0200,0.9900
2025-12-06T03:59:53.325592+00:00,0.9900,0.0200,0.0200,0.9900
2025-12-06T03:59:53.810403+00:00,0.9900,0.0200,0.0200,0.9900
2025-12-06T03:59:54.305621+00:00,0.9900,0.0200,0.0200,0.9900
2025-12-06T03:59:54.812680+00:00,0.9900,0.0200,0.0200,0.9900
2025-12-06T03:59:55.324974+00:00,0.9900,0.0200,0.0200,0.9900
2025-12-06T03:59:55.838200+00:00,0.9900,0.0200,0.0200,0.9900
2025-12-06T04:00:41.777837+00:00,0.9900,0.0200,0.0200,0.9900
2025-12-06T04:01:07.627854+00:00,0.9900,0.0200,0.0200,0.9900
2025-12-06T04:01:49.477298+00:00,0.9900,0.0200,0.0200,0.9900
2025-12-06T04:02:33.684409+00:00,0.9900,0.0200,0.0200,0.9900
2025-12-06T04:03:53.880515+00:00,0.9900,0.0200,0.0200,0.9900
2025-12-06T04:04:32.141117+00:00,0.9900,0.0200,0.0200,0.9900
2025-12-06T04:05:05.959498+00:00,0.9900,0.0200,0.0200,0.9900
2025-12-06T04:05:35.219331+00:00,0.9900,0.0200,0.0200,0.9900
2025-12-06T04:06:09.810119+00:00,0.9900,0.0200,0.0200,0.9900
2025-12-06T04:06:52.811941+00:00,0.9900,0.0200,0.0200,0.9900
2025-12-06T04:07:14.268145+00:00,0.9900,0.0200,0.0200,0.9900
2025-12-06T04:08:02.877053+00:00,0.9900,0.0200,0.0200,0.9900
2025-12-06T04:08:51.557298+00:00,0.9900,0.0200,0.0300,0.9800
2025-12-06T04:09:30.948557+00:00,0.9800,0.0300,0.0300,0.9800
2025-12-06T04:10:13.380449+00:00,0.9800,0.0300,0.0300,0.9800
2025-12-06T04:10:54.180199+00:00,0.9800,0.0300,0.0300,0.9800
2025-12-06T04:11:30.602642+00:00,0.9800,0.0300,0.0300,0.9800
2025-12-06T04:12:10.180239+00:00,0.9800,0.0300,0.0300,0.9800
2025-12-06T04:13:03.645316+00:00,0.9800,0.0300,0.0300,0.9800
2025-12-06T04:13:59.601672+00:00,0.9700,0.0400,0.0300,0.9800
2025-12-06T04:14:56.037963+00:00,0.9800,0.0300,0.0400,0.9700
2025-12-06T04:15:25.196198+00:00,0.9300,0.0800,0.0900,0.9400
2025-12-06T04:16:23.544587+00:00,0.9400,0.0700,0.0800,0.9400
2025-12-06T04:16:49.197247+00:00,0.9400,0.0700,0.0700,0.9400
2025-12-06T04:17:55.103675+00:00,0.9200,0.1000,0.1000,0.9100
2025-12-06T04:18:49.057589+00:00,0.9200,0.0900,0.1000,0.9100
2025-12-06T04:19:28.850315+00:00,0.9200,0.0900,0.1000,0.9100
2025-12-06T04:20:12.024139+00:00,0.9300,0.0900,0.0900,0.9200
2025-12-06T04:21:18.130050+00:00,0.9200,0.0900,0.1000,0.9100
2025-12-06T04:22:23.840659+00:00,0.9100,0.1000,0.1000,0.9100
2025-12-06T04:23:17.379786+00:00,0.9500,0.0600,0.0600,0.9500
2025-12-06T04:23:56.276265+00:00,0.9500,0.0700,0.0700,0.9500
2025-12-06T04:24:42.045481+00:00,0.9600,0.0500,0.0600,0.9500
2025-12-06T04:25:23.390526+00:00,0.9600,0.0500,0.0500,0.9600
2025-12-06T04:26:04.274421+00:00,0.9800,0.0300,0.0400,0.9700
2025-12-06T04:26:49.430237+00:00,0.9900,0.0200,0.0200,0.9900
2025-12-06T04:27:26.194017+00:00,0.9900,0.0200,0.0200,0.9900
2025-12-06T04:28:10.473831+00:00,0.9900,0.0200,0.0200,0.9900
2025-12-06T04:29:00.536759+00:00,0.9900,0.0200,0.0100,0.9900
2025-12-06T04:29:35.144356+00:00,0.9900,0.0200,0.0200,0.9900
2025-12-06T04:30:13.373178+00:00,0.9900,0.0200,0.0200,0.9900
2025-12-06T04:30:59.196358+00:00,0.9900,0.0200,0.0200,0.9900
2025-12-06T04:31:52.708735+00:00,0.9900,0.0200,0.0200,0.9900
2025-12-06T04:32:42.065185+00:00,0.9900,0.0200,0.0200,0.9900
2025-12-06T04:33:20.576256+00:00,0.9900,0.0100,0.0200,0.9900
2025-12-06T04:34:05.862585+00:00,0.9900,0.0100,0.0100,0.9900
2025-12-06T04:34:51.939413+00:00,0.9900,0.0100,0.0100,0.9900
2025-12-06T04:35:42.583071+00:00,0.9900,0.0100,0.0100,0.9900
2025-12-06T04:36:41.844114+00:00,0.9900,0.0100,0.0100,0.9900
2025-12-06T04:37:50.738510+00:00,0.9900,0.0100,0.0100,0.9900
2025-12-06T04:38:18.080514+00:00,0.9900,0.0100,0.0100,0.9900
2025-12-06T04:39:04.676552+00:00,0.9900,0.0100,0.0100,0.9900
2025-12-06T04:40:05.401003+00:00,0.9900,0.0100,0.0200,0.9900
2025-12-06T04:40:44.825683+00:00,0.9900,0.0100,0.0200,0.9900
2025-12-06T04:41:37.884085+00:00,0.9900,0.0200,0.0200,0.9900
2025-12-06T04:42:28.846326+00:00,0.9900,0.0200,0.0200,0.9900
2025-12-06T04:43:31.984095+00:00,0.9800,0.0300,0.0300,0.9800
2025-12-06T04:44:21.831930+00:00,0.9900,0.0300,0.0200,0.9800
2025-12-06T04:45:01.806869+00:00,0.9900,0.0100,0.0100,0.9800
2025-12-06T04:45:31.397632+00:00,0.9900,0.0100,0.0100,0.9800
2025-12-06T04:46:27.086085+00:00,0.9900,0.0100,0.0100,0.9800
2025-12-06T04:47:09.210497+00:00,0.9900,0.0100,0.0100,0.9800
2025-12-06T04:47:55.236579+00:00,0.9900,0.0100,0.0100,0.9800
2025-12-06T04:48:41.880214+00:00,0.9900,0.0100,0.0100,0.9800
2025-12-06T04:49:32.523834+00:00,0.9900,0.0100,0.0100,0.9800
2025-12-06T04:50:05.870920+00:00,0.9900,0.0100,0.0100,0.9800
2025-12-06T04:50:58.933952+00:00,0.9900,0.0100,0.0100,0.9800
2025-12-06T04:51:38.811284+00:00,0.9900,0.0100,0.0100,0.9800
2025-12-06T04:52:11.063319+00:00,0.9900,0.0100,0.0100,0.9800
2025-12-06T04:53:05.788084+00:00,0.9900,0.0100,0.0100,0.9800
2025-12-06T04:53:30.742037+00:00,0.9900,0.0100,0.0100,0.9800
2025-12-06T04:54:00.902949+00:00,0.9900,0.0100,0.0100,0.9800
2025-12-06T04:54:32.725039+00:00,0.9900,0.0100,0.0100,0.9800
2025-12-06T04:54:57.440061+00:00,0.9900,0.0100,0.0100,0.9800
2025-12-06T04:55:29.187771+00:00,0.9900,0.0100,0.0100,0.9800
2025-12-06T04:55:55.264989+00:00,0.9900,0.0100,0.0100,0.9800
2025-12-06T04:56:41.191554+00:00,0.9900,0.0100,0.0100,0.9800
2025-12-06T04:57:01.596883+00:00,0.9900,0.0100,0.0100,0.9800
2025-12-06T04:57:37.677036+00:00,0.9900,0.0100,0.0100,0.9800
2025-12-06T04:58:00.969461+00:00,0.9900,0.0100,0.0100,0.9800
2025-12-06T04:58:30.531809+00:00,0.9900,0.0100,0.0100,0.9800
2025-12-06T04:59:03.723881+00:00,0.9900,0.0100,0.0100,0.9800
2025-12-06T04:59:19.520312+00:00,0.9900,0.0100,0.0100,0.9800
2025-12-06T04:59:39.703647+00:00,0.9900,0.0100,0.0100,0.9800
2025-12-06T04:59:59.829737+00:00,0.9900,0.0100,0.0100,0.9800
